drop table if exists ADHERENT cascade;

drop table if exists ALIMENT cascade;

drop table if exists A_ETE_VU cascade;

drop table if exists DEPARTEMENT cascade;

drop table if exists ESPECE cascade;

drop table if exists EST_PRESENT cascade;

drop table if exists MANGE cascade;

drop table if exists MOIS cascade;

drop table if exists REGION cascade;

drop table if exists RELEVE cascade;

/*==============================================================*/
/* Table : ADHERENT                                             */
/*==============================================================*/
create table ADHERENT (
NUMADHERENT          INT4                 not null,
NUMDEPARTEMENT       INT4                 not null,
NOM                  VARCHAR(20)          not null,
PRENOM               VARCHAR(20)          not null,
ADRESSE              VARCHAR(100)         null,
CODEPOSTAL           CHAR(5)              null,
COMMUNE              VARCHAR(30)          null,
MAIL                 VARCHAR(50)          not null check(mail like '%@%'),
TELFIXE              VARCHAR(10)          null check(TELFIXE = '' or TELFIXE like '01%' or TELFIXE like '02%' or TELFIXE like '03%' or TELFIXE like '04%' or TELFIXE like '05%') ,
TELMOBILE            VARCHAR(10)          null check(TELMOBILE = '' or TELMOBILE like '06%' or TELMOBILE like '07%'),
TELPRO               VARCHAR(10)          null check(TELPRO = '' or TELPRO like '06%' or TELPRO like '07%'),
constraint PK_ADHERENT primary key (NUMADHERENT),
constraint UQ_MAIL unique (MAIL),
constraint UQ_NOM_PRENOM_TELFIXE unique (NOM, PRENOM, TELFIXE)
);

/*==============================================================*/
/* Table : ALIMENT                                              */
/*==============================================================*/
create table ALIMENT (
NUMALIMENT           INT4                 not null,
NOMALIMENT           VARCHAR(20)          null,
constraint PK_ALIMENT primary key (NUMALIMENT)
);

/*==============================================================*/
/* Table : A_ETE_VU                                             */
/*==============================================================*/
create table A_ETE_VU (
NUMRELEVE            INT4                 not null,
NUMESPECE            INT4                 not null,
NBOISEAU             INT4                 null 
      constraint CKC_NBOISEAU_A_ETE_VU check (NBOISEAU is null or (NBOISEAU between 1 and 50)),
ESTIMATIONOISEAU     VARCHAR(20)          null,
constraint PK_A_ETE_VU primary key (NUMRELEVE, NUMESPECE)
);

/*==============================================================*/
/* Table : DEPARTEMENT                                          */
/*==============================================================*/
create table DEPARTEMENT (
NUMDEPARTEMENT       INT4                 not null,
CODEDEPARTEMENT		 VARCHAR(3)			  null,
NUMREGION            INT4                 not null,
NOM                  VARCHAR(50)          null,
SUPERFICIE           INT4                 null 
      constraint CKC_SUPERFICIE_DEPARTEM check (SUPERFICIE is null or (SUPERFICIE between 1 and 100000)),
constraint PK_DEPARTEMENT primary key (NUMDEPARTEMENT)
);

/*==============================================================*/
/* Table : ESPECE                                               */
/*==============================================================*/
create table ESPECE (
NUMESPECE            INT4                 not null,
NOMESPECE            VARCHAR(30)          null,
NOMSCIENTIFIQUE      VARCHAR(30)          null,
POIDSMIN             INT4                 null,
POIDSMAX             INT4                 null,
LONGUEUR             INT4                 null,
ENVERGUREMIN         INT4                 null,
ENVERGUREMAX         INT4                 null,
constraint PK_ESPECE primary key (NUMESPECE)
);

/*==============================================================*/
/* Table : EST_PRESENT                                          */
/*==============================================================*/
create table EST_PRESENT (
NUMMOIS              INT4                 not null check (NUMMOIS between 1 and 12),
NUMESPECE            INT4                 not null,
constraint PK_EST_PRESENT primary key (NUMMOIS, NUMESPECE)
);

/*==============================================================*/
/* Table : MANGE                                                */
/*==============================================================*/
create table MANGE (
NUMESPECE            INT4                 not null,
NUMALIMENT           INT4                 not null,
constraint PK_MANGE primary key (NUMESPECE, NUMALIMENT)
);

/*==============================================================*/
/* Table : MOIS                                                 */
/*==============================================================*/
create table MOIS (
NUMMOIS              INT4                 not null check (NUMMOIS between 1 and 12),
NOM                  VARCHAR(50)          null,	
constraint PK_MOIS primary key (NUMMOIS)
);

/*==============================================================*/
/* Table : REGION                                               */
/*==============================================================*/
create table REGION (
NUMREGION            INT4                 not null,
NOM                  VARCHAR(50)          null,
constraint PK_REGION primary key (NUMREGION)
);

/*==============================================================*/
/* Table : RELEVE                                               */
/*==============================================================*/
create table RELEVE (
NUMRELEVE            INT4                 not null,
NUMADHERENT          INT4                 not null,
NUMDEPARTEMENT       INT4                 not null,
DATEOBSERVATION      DATE                 null,
LIEU                 VARCHAR(20)          null,
LONGITUDE            DECIMAL(9,6)         null,
LATITUDE             DECIMAL(9,6)         null,
constraint PK_RELEVE primary key (NUMRELEVE)
);

alter table ADHERENT
   add constraint FK_ADHERENT_RESIDE_DA_DEPARTEM foreign key (NUMDEPARTEMENT)
      references DEPARTEMENT (NUMDEPARTEMENT)
      on delete restrict on update restrict;

alter table A_ETE_VU
   add constraint FK_A_ETE_VU_A_ETE_VU_ESPECE foreign key (NUMESPECE)
      references ESPECE (NUMESPECE)
      on delete restrict on update restrict;

alter table A_ETE_VU
   add constraint FK_A_ETE_VU_A_ETE_VU2_RELEVE foreign key (NUMRELEVE)
      references RELEVE (NUMRELEVE)
      on delete restrict on update restrict;

alter table DEPARTEMENT
   add constraint FK_DEPARTEM_FAIT_PART_REGION foreign key (NUMREGION)
      references REGION (NUMREGION)
      on delete restrict on update restrict;

alter table EST_PRESENT
   add constraint FK_EST_PRES_EST_PRESE_ESPECE foreign key (NUMESPECE)
      references ESPECE (NUMESPECE)
      on delete restrict on update restrict;

alter table EST_PRESENT
   add constraint FK_EST_PRES_EST_PRESE_MOIS foreign key (NUMMOIS)
      references MOIS (NUMMOIS)
      on delete restrict on update restrict;

alter table MANGE
   add constraint FK_MANGE_MANGE_ALIMENT foreign key (NUMALIMENT)
      references ALIMENT (NUMALIMENT)
      on delete restrict on update restrict;

alter table MANGE
   add constraint FK_MANGE_MANGE2_ESPECE foreign key (NUMESPECE)
      references ESPECE (NUMESPECE)
      on delete restrict on update restrict;

alter table RELEVE
   add constraint FK_RELEVE_EST_DANS_DEPARTEM foreign key (NUMDEPARTEMENT)
      references DEPARTEMENT (NUMDEPARTEMENT)
      on delete restrict on update restrict;

alter table RELEVE
   add constraint FK_RELEVE_REDIGE_ADHERENT foreign key (NUMADHERENT)
      references ADHERENT (NUMADHERENT)
      on delete restrict on update restrict;

ALTER TABLE ADHERENT
ADD COLUMN LATITUDE DECIMAL(9,6),
ADD COLUMN LONGITUDE DECIMAL(9,6);

INSERT INTO region(numregion,nom) VALUES (01,'Guadeloupe');
INSERT INTO region(numregion,nom) VALUES (02,'Martinique');
INSERT INTO region(numregion,nom) VALUES (03,'Guyane');
INSERT INTO region(numregion,nom) VALUES (04,'La Réunion');
INSERT INTO region(numregion,nom) VALUES (06,'Mayotte');
INSERT INTO region(numregion,nom) VALUES (11,'Île-de-France');
INSERT INTO region(numregion,nom) VALUES (24,'Centre-Val de Loire');
INSERT INTO region(numregion,nom) VALUES (27,'Bourgogne-Franche-Comté');
INSERT INTO region(numregion,nom) VALUES (28,'Normandie');
INSERT INTO region(numregion,nom) VALUES (32,'Hauts-de-France');
INSERT INTO region(numregion,nom) VALUES (44,'Grand Est');
INSERT INTO region(numregion,nom) VALUES (52,'Pays de la Loire');
INSERT INTO region(numregion,nom) VALUES (53,'Bretagne');
INSERT INTO region(numregion,nom) VALUES (75,'Nouvelle-Aquitaine');
INSERT INTO region(numregion,nom) VALUES (76,'Occitanie');
INSERT INTO region(numregion,nom) VALUES (84,'Auvergne-Rhône-Alpes');
INSERT INTO region(numregion,nom) VALUES (93,'Provence-Alpes-Côte d''Azur');
INSERT INTO region(numregion,nom) VALUES (94,'Corse');

INSERT INTO mois(nummois, nom) VALUES (1, 'Janvier');
INSERT INTO mois(nummois, nom) VALUES (2, 'Février');
INSERT INTO mois(nummois, nom) VALUES (3, 'Mars');
INSERT INTO mois(nummois, nom) VALUES (4, 'Avril');
INSERT INTO mois(nummois, nom) VALUES (5, 'Mai');
INSERT INTO mois(nummois, nom) VALUES (6, 'Juin');
INSERT INTO mois(nummois, nom) VALUES (7, 'Juillet');
INSERT INTO mois(nummois, nom) VALUES (8, 'Août');
INSERT INTO mois(nummois, nom) VALUES (9, 'Septembre');
INSERT INTO mois(nummois, nom) VALUES (10, 'Octobre');
INSERT INTO mois(nummois, nom) VALUES (11, 'Novembre');
INSERT INTO mois(nummois, nom) VALUES (12, 'Décembre');

INSERT INTO departement(numdepartement,codedepartement,numregion,NOM,superficie) VALUES (1,'1',84,'Ain',5762);
INSERT INTO departement(numdepartement,codedepartement,numregion,NOM,superficie) VALUES (2,'2',32,'Aisne',7369);
INSERT INTO departement(numdepartement,codedepartement,numregion,NOM,superficie) VALUES (3,'3',84,'Allier',7340);
INSERT INTO departement(numdepartement,codedepartement,numregion,NOM,superficie) VALUES (4,'4',93,'Alpes-de-Haute-Provence',6925);
INSERT INTO departement(numdepartement,codedepartement,numregion,NOM,superficie) VALUES (5,'5',93,'Hautes-Alpes',5549);
INSERT INTO departement(numdepartement,codedepartement,numregion,NOM,superficie) VALUES (6,'6',93,'Alpes-Maritimes',4299);
INSERT INTO departement(numdepartement,codedepartement,numregion,NOM,superficie) VALUES (7,'7',84,'Ardèche',5529);
INSERT INTO departement(numdepartement,codedepartement,numregion,NOM,superficie) VALUES (8,'8',44,'Ardennes',5229);
INSERT INTO departement(numdepartement,codedepartement,numregion,NOM,superficie) VALUES (9,'9',76,'Ariège',4890);
INSERT INTO departement(numdepartement,codedepartement,numregion,NOM,superficie) VALUES (10,'10',44,'Aube',6004);
INSERT INTO departement(numdepartement,codedepartement,numregion,NOM,superficie) VALUES (11,'11',76,'Aude',6139);
INSERT INTO departement(numdepartement,codedepartement,numregion,NOM,superficie) VALUES (12,'12',76,'Aveyron',8735);
INSERT INTO departement(numdepartement,codedepartement,numregion,NOM,superficie) VALUES (13,'13',93,'Bouches-du-Rhône',5088);
INSERT INTO departement(numdepartement,codedepartement,numregion,NOM,superficie) VALUES (14,'14',28,'Calvados',5548);
INSERT INTO departement(numdepartement,codedepartement,numregion,NOM,superficie) VALUES (15,'15',84,'Cantal',5726);
INSERT INTO departement(numdepartement,codedepartement,numregion,NOM,superficie) VALUES (16,'16',75,'Charente',5956);
INSERT INTO departement(numdepartement,codedepartement,numregion,NOM,superficie) VALUES (17,'17',75,'Charente-Maritime',6864);
INSERT INTO departement(numdepartement,codedepartement,numregion,NOM,superficie) VALUES (18,'18',24,'Cher',7235);
INSERT INTO departement(numdepartement,codedepartement,numregion,NOM,superficie) VALUES (19,'19',75,'Corrèze',5857);
INSERT INTO departement(numdepartement,codedepartement,numregion,NOM,superficie) VALUES (20,'2A',27,'Corse-du-Sud',4014);
INSERT INTO departement(numdepartement,codedepartement,numregion,NOM,superficie) VALUES (21,'2B',53,'Haute-Corse',4666);
INSERT INTO departement(numdepartement,codedepartement,numregion,NOM,superficie) VALUES (22,'21',75,'Côte-d''Or',8763);
INSERT INTO departement(numdepartement,codedepartement,numregion,NOM,superficie) VALUES (23,'22',75,'Côtes-d''Armor',6878);
INSERT INTO departement(numdepartement,codedepartement,numregion,NOM,superficie) VALUES (24,'23',27,'Creuse',5565);
INSERT INTO departement(numdepartement,codedepartement,numregion,NOM,superficie) VALUES (25,'24',84,'Dordogne',9060);
INSERT INTO departement(numdepartement,codedepartement,numregion,NOM,superficie) VALUES (26,'25',28,'Doubs',5233);
INSERT INTO departement(numdepartement,codedepartement,numregion,NOM,superficie) VALUES (27,'26',24,'Drôme',6530);
INSERT INTO departement(numdepartement,codedepartement,numregion,NOM,superficie) VALUES (28,'27',53,'Eure',6040);
INSERT INTO departement(numdepartement,codedepartement,numregion,NOM,superficie) VALUES (29,'28',94,'Eure-et-Loir',5880);
INSERT INTO departement(numdepartement,codedepartement,numregion,NOM,superficie) VALUES (30,'29',94,'Finist re',6733);
INSERT INTO departement(numdepartement,codedepartement,numregion,NOM,superficie) VALUES (31,'30',76,'Gard',5853);
INSERT INTO departement(numdepartement,codedepartement,numregion,NOM,superficie) VALUES (32,'31',76,'Haute-Garonne',6309);
INSERT INTO departement(numdepartement,codedepartement,numregion,NOM,superficie) VALUES (33,'32',76,'Gers',6257);
INSERT INTO departement(numdepartement,codedepartement,numregion,NOM,superficie) VALUES (34,'33',75,'Gironde',9976);
INSERT INTO departement(numdepartement,codedepartement,numregion,NOM,superficie) VALUES (35,'34',76,'Hérault',6101);
INSERT INTO departement(numdepartement,codedepartement,numregion,NOM,superficie) VALUES (36,'35',53,'Ille-et-Vilaine',6775);
INSERT INTO departement(numdepartement,codedepartement,numregion,NOM,superficie) VALUES (37,'36',24,'Indre',6791);
INSERT INTO departement(numdepartement,codedepartement,numregion,NOM,superficie) VALUES (38,'37',24,'Indre-et-Loire',6127);
INSERT INTO departement(numdepartement,codedepartement,numregion,NOM,superficie) VALUES (39,'38',84,'Isère',7432);
INSERT INTO departement(numdepartement,codedepartement,numregion,NOM,superficie) VALUES (40,'39',27,'Jura',4999);
INSERT INTO departement(numdepartement,codedepartement,numregion,NOM,superficie) VALUES (41,'40',75,'Landes',9243);
INSERT INTO departement(numdepartement,codedepartement,numregion,NOM,superficie) VALUES (42,'41',24,'Loir-et-Cher',6343);
INSERT INTO departement(numdepartement,codedepartement,numregion,NOM,superficie) VALUES (43,'42',84,'Loire',4781);
INSERT INTO departement(numdepartement,codedepartement,numregion,NOM,superficie) VALUES (44,'43',84,'Haute-Loire',4977);
INSERT INTO departement(numdepartement,codedepartement,numregion,NOM,superficie) VALUES (45,'44',52,'Loire-Atlantique',6809);
INSERT INTO departement(numdepartement,codedepartement,numregion,NOM,superficie) VALUES (46,'45',24,'Loiret',6775);
INSERT INTO departement(numdepartement,codedepartement,numregion,NOM,superficie) VALUES (47,'46',76,'Lot',5217);
INSERT INTO departement(numdepartement,codedepartement,numregion,NOM,superficie) VALUES (48,'47',75,'Lot-et-Garonne',5361);
INSERT INTO departement(numdepartement,codedepartement,numregion,NOM,superficie) VALUES (49,'48',76,'Lozère',5167);
INSERT INTO departement(numdepartement,codedepartement,numregion,NOM,superficie) VALUES (50,'49',52,'Maine-et-Loire',7172);
INSERT INTO departement(numdepartement,codedepartement,numregion,NOM,superficie) VALUES (51,'50',28,'Manche',5938);
INSERT INTO departement(numdepartement,codedepartement,numregion,NOM,superficie) VALUES (52,'51',44,'Marne',8162);
INSERT INTO departement(numdepartement,codedepartement,numregion,NOM,superficie) VALUES (53,'52',44,'Haute-Marne',6211);
INSERT INTO departement(numdepartement,codedepartement,numregion,NOM,superficie) VALUES (54,'53',52,'Mayenne',5175);
INSERT INTO departement(numdepartement,codedepartement,numregion,NOM,superficie) VALUES (55,'54',44,'Meurthe-et-Moselle',5246);
INSERT INTO departement(numdepartement,codedepartement,numregion,NOM,superficie) VALUES (56,'55',44,'Meuse',6211);
INSERT INTO departement(numdepartement,codedepartement,numregion,NOM,superficie) VALUES (57,'56',53,'Morbihan',6823);
INSERT INTO departement(numdepartement,codedepartement,numregion,NOM,superficie) VALUES (58,'57',44,'Moselle',6216);
INSERT INTO departement(numdepartement,codedepartement,numregion,NOM,superficie) VALUES (59,'58',27,'Nièvre',6817);
INSERT INTO departement(numdepartement,codedepartement,numregion,NOM,superficie) VALUES (60,'59',32,'Nord',5743);
INSERT INTO departement(numdepartement,codedepartement,numregion,NOM,superficie) VALUES (61,'60',32,'Oise',5860);
INSERT INTO departement(numdepartement,codedepartement,numregion,NOM,superficie) VALUES (62,'61',28,'Orne',6103);
INSERT INTO departement(numdepartement,codedepartement,numregion,NOM,superficie) VALUES (63,'62',32,'Pas-de-Calais',6671);
INSERT INTO departement(numdepartement,codedepartement,numregion,NOM,superficie) VALUES (64,'63',84,'Puy-de-Dôme',7970);
INSERT INTO departement(numdepartement,codedepartement,numregion,NOM,superficie) VALUES (65,'64',75,'Pyrénées-Atlantiques',7645);
INSERT INTO departement(numdepartement,codedepartement,numregion,NOM,superficie) VALUES (66,'65',76,'Hautes-Pyrénées',4464);
INSERT INTO departement(numdepartement,codedepartement,numregion,NOM,superficie) VALUES (67,'66',76,'Pyrénées-Orientales',4116);
INSERT INTO departement(numdepartement,codedepartement,numregion,NOM,superficie) VALUES (68,'67',44,'Bas-Rhin',4755);
INSERT INTO departement(numdepartement,codedepartement,numregion,NOM,superficie) VALUES (69,'68',44,'Haut-Rhin',3525);
INSERT INTO departement(numdepartement,codedepartement,numregion,NOM,superficie) VALUES (70,'69',84,'Rhône',3249);
INSERT INTO departement(numdepartement,codedepartement,numregion,NOM,superficie) VALUES (71,'70',27,'Haute-Saône',5360);
INSERT INTO departement(numdepartement,codedepartement,numregion,NOM,superficie) VALUES (72,'71',27,'Saône-et-Loire',8575);
INSERT INTO departement(numdepartement,codedepartement,numregion,NOM,superficie) VALUES (73,'72',52,'Sarthe',6206);
INSERT INTO departement(numdepartement,codedepartement,numregion,NOM,superficie) VALUES (74,'73',84,'Savoie',6028);
INSERT INTO departement(numdepartement,codedepartement,numregion,NOM,superficie) VALUES (75,'74',84,'Haute-Savoie',4388);
INSERT INTO departement(numdepartement,codedepartement,numregion,NOM,superficie) VALUES (76,'75',11,'Paris',105);
INSERT INTO departement(numdepartement,codedepartement,numregion,NOM,superficie) VALUES (77,'76',28,'Seine-Maritime',6278);
INSERT INTO departement(numdepartement,codedepartement,numregion,NOM,superficie) VALUES (78,'77',11,'Seine-et-Marne',5915);
INSERT INTO departement(numdepartement,codedepartement,numregion,NOM,superficie) VALUES (79,'78',11,'Yvelines',2284);
INSERT INTO departement(numdepartement,codedepartement,numregion,NOM,superficie) VALUES (80,'79',75,'Deux-Sèvres',5999);
INSERT INTO departement(numdepartement,codedepartement,numregion,NOM,superficie) VALUES (81,'80',32,'Somme',6170);
INSERT INTO departement(numdepartement,codedepartement,numregion,NOM,superficie) VALUES (82,'81',76,'Tarn',5758);
INSERT INTO departement(numdepartement,codedepartement,numregion,NOM,superficie) VALUES (83,'82',76,'Tarn-et-Garonne',3718);
INSERT INTO departement(numdepartement,codedepartement,numregion,NOM,superficie) VALUES (84,'83',93,'Var',5973);
INSERT INTO departement(numdepartement,codedepartement,numregion,NOM,superficie) VALUES (85,'84',93,'Vaucluse',3567);
INSERT INTO departement(numdepartement,codedepartement,numregion,NOM,superficie) VALUES (86,'85',52,'Vendée',6720);
INSERT INTO departement(numdepartement,codedepartement,numregion,NOM,superficie) VALUES (87,'86',75,'Vienne',6990);
INSERT INTO departement(numdepartement,codedepartement,numregion,NOM,superficie) VALUES (88,'87',75,'Haute-Vienne',5520);
INSERT INTO departement(numdepartement,codedepartement,numregion,NOM,superficie) VALUES (89,'88',44,'Vosges',5874);
INSERT INTO departement(numdepartement,codedepartement,numregion,NOM,superficie) VALUES (90,'89',27,'Yonne',7427);
INSERT INTO departement(numdepartement,codedepartement,numregion,NOM,superficie) VALUES (91,'90',27,'Territoire de Belfort',609);
INSERT INTO departement(numdepartement,codedepartement,numregion,NOM,superficie) VALUES (92,'91',11,'Essonne',1804);
INSERT INTO departement(numdepartement,codedepartement,numregion,NOM,superficie) VALUES (93,'92',11,'Hauts-de-Seine',176);
INSERT INTO departement(numdepartement,codedepartement,numregion,NOM,superficie) VALUES (94,'93',11,'Seine-St-Denis',236);
INSERT INTO departement(numdepartement,codedepartement,numregion,NOM,superficie) VALUES (95,'94',11,'Val-de-Marne',245);
INSERT INTO departement(numdepartement,codedepartement,numregion,NOM,superficie) VALUES (96,'95',11,'Val-D''Oise',1246);
INSERT INTO departement(numdepartement,codedepartement,numregion,NOM,superficie) VALUES (97,'971',1,'Guadeloupe',1628);
INSERT INTO departement(numdepartement,codedepartement,numregion,NOM,superficie) VALUES (98,'972',2,'Martinique',1128);
INSERT INTO departement(numdepartement,codedepartement,numregion,NOM,superficie) VALUES (99,'973',3,'Guyane',83534);
INSERT INTO departement(numdepartement,codedepartement,numregion,NOM,superficie) VALUES (100,'974',4,'La Réunion',2504);
INSERT INTO departement(numdepartement,codedepartement,numregion,NOM,superficie) VALUES (101,'976',6,'Mayotte',376);


INSERT INTO ESPECE(NUMESPECE,NOMESPECE,NOMSCIENTIFIQUE,POIDSMIN,POIDSMAX,LONGUEUR,ENVERGUREMIN,ENVERGUREMAX) VALUES (1,'Mésanges bleues','Cyanistes caeruleus',9,12,'11','17',20);
INSERT INTO ESPECE(NUMESPECE,NOMESPECE,NOMSCIENTIFIQUE,POIDSMIN,POIDSMAX,LONGUEUR,ENVERGUREMIN,ENVERGUREMAX) VALUES (2,'Mésange charbonnière','Parus major',16,20,'14','23',26);
INSERT INTO ESPECE(NUMESPECE,NOMESPECE,NOMSCIENTIFIQUE,POIDSMIN,POIDSMAX,LONGUEUR,ENVERGUREMIN,ENVERGUREMAX) VALUES (3,'Moineaux domestiques','Passer domesticus',25,40,'14','23',28);
INSERT INTO ESPECE(NUMESPECE,NOMESPECE,NOMSCIENTIFIQUE,POIDSMIN,POIDSMAX,LONGUEUR,ENVERGUREMIN,ENVERGUREMAX) VALUES (4,'Canards colverts','Anas platyrhynchos',720,1600,'58','80',95);
INSERT INTO ESPECE(NUMESPECE,NOMESPECE,NOMSCIENTIFIQUE,POIDSMIN,POIDSMAX,LONGUEUR,ENVERGUREMIN,ENVERGUREMAX) VALUES (5,'Nettes rousses','Netta rufina',900,1400,'55','84',88);
INSERT INTO ESPECE(NUMESPECE,NOMESPECE,NOMSCIENTIFIQUE,POIDSMIN,POIDSMAX,LONGUEUR,ENVERGUREMIN,ENVERGUREMAX) VALUES (6,'Pigeons ramiers','Columba palumbus',450,520,'41','75',80);
INSERT INTO ESPECE(NUMESPECE,NOMESPECE,NOMSCIENTIFIQUE,POIDSMIN,POIDSMAX,LONGUEUR,ENVERGUREMIN,ENVERGUREMAX) VALUES (7,'Pic épeiche','Dendrocopos major',70,98,'23','38',44);
INSERT INTO ESPECE(NUMESPECE,NOMESPECE,NOMSCIENTIFIQUE,POIDSMIN,POIDSMAX,LONGUEUR,ENVERGUREMIN,ENVERGUREMAX) VALUES (8,'Pinsons des arbres','Fringilla coelebs',19,24,'15','25',28);
INSERT INTO ESPECE(NUMESPECE,NOMESPECE,NOMSCIENTIFIQUE,POIDSMIN,POIDSMAX,LONGUEUR,ENVERGUREMIN,ENVERGUREMAX) VALUES (9,'Tarins des aulnes','Spinus spinus',11,18,'12','20',23);
INSERT INTO ESPECE(NUMESPECE,NOMESPECE,NOMSCIENTIFIQUE,POIDSMIN,POIDSMAX,LONGUEUR,ENVERGUREMIN,ENVERGUREMAX) VALUES (10,'Autour des palombes','Accipiter gentilis',630,1400,'52','108',120);
INSERT INTO ESPECE(NUMESPECE,NOMESPECE,NOMSCIENTIFIQUE,POIDSMIN,POIDSMAX,LONGUEUR,ENVERGUREMIN,ENVERGUREMAX) VALUES (11,'Bouvreuil pivoine','Pyrrhula pyrrhula',26,26,'16','28',28);
INSERT INTO ESPECE(NUMESPECE,NOMESPECE,NOMSCIENTIFIQUE,POIDSMIN,POIDSMAX,LONGUEUR,ENVERGUREMIN,ENVERGUREMAX) VALUES (12,'Bruant zizi','Emberiza cirlus',21,27,'15','22',26);
INSERT INTO ESPECE(NUMESPECE,NOMESPECE,NOMSCIENTIFIQUE,POIDSMIN,POIDSMAX,LONGUEUR,ENVERGUREMIN,ENVERGUREMAX) VALUES (13,'Chevêche d''Athéna','Athene noctua',185,200,'22','60',60);
INSERT INTO ESPECE(NUMESPECE,NOMESPECE,NOMSCIENTIFIQUE,POIDSMIN,POIDSMAX,LONGUEUR,ENVERGUREMIN,ENVERGUREMAX) VALUES (14,'Tourterelle turque','Streptopelia decaocto',150,225,'33','48',56);
INSERT INTO ESPECE(NUMESPECE,NOMESPECE,NOMSCIENTIFIQUE,POIDSMIN,POIDSMAX,LONGUEUR,ENVERGUREMIN,ENVERGUREMAX) VALUES (15,'Pie bavarde','Pica pica',180,275,'45','52',60);
INSERT INTO ESPECE(NUMESPECE,NOMESPECE,NOMSCIENTIFIQUE,POIDSMIN,POIDSMAX,LONGUEUR,ENVERGUREMIN,ENVERGUREMAX) VALUES (16,'Merle noir','Turdus merula',85,115,'24','34',38);
INSERT INTO ESPECE(NUMESPECE,NOMESPECE,NOMSCIENTIFIQUE,POIDSMIN,POIDSMAX,LONGUEUR,ENVERGUREMIN,ENVERGUREMAX) VALUES (17,'Grimpereau des bois','Certhia familiaris',8,11,'12','17',21);
INSERT INTO ESPECE(NUMESPECE,NOMESPECE,NOMSCIENTIFIQUE,POIDSMIN,POIDSMAX,LONGUEUR,ENVERGUREMIN,ENVERGUREMAX) VALUES (18,'Pigeon biset','Columba livia',240,300,'34','63',70);
INSERT INTO ESPECE(NUMESPECE,NOMESPECE,NOMSCIENTIFIQUE,POIDSMIN,POIDSMAX,LONGUEUR,ENVERGUREMIN,ENVERGUREMAX) VALUES (19,'Plongeon imbrin','Gavia immer',3700,4200,'80','125',148);
INSERT INTO ESPECE(NUMESPECE,NOMESPECE,NOMSCIENTIFIQUE,POIDSMIN,POIDSMAX,LONGUEUR,ENVERGUREMIN,ENVERGUREMAX) VALUES (20,'Roitelet à triple bandeau','Regulus ignicapillus',5,7,'9','13',16);


INSERT INTO Aliment(NUMALIMENT, NOMALIMENT) VALUES (1, 'Insecte');
INSERT INTO Aliment(NUMALIMENT, NOMALIMENT) VALUES (2, 'Chenille');
INSERT INTO Aliment(NUMALIMENT, NOMALIMENT) VALUES (3, 'Mouche');
INSERT INTO Aliment(NUMALIMENT, NOMALIMENT) VALUES (4, 'Charançon');
INSERT INTO Aliment(NUMALIMENT, NOMALIMENT) VALUES (5, 'Araignée');
INSERT INTO Aliment(NUMALIMENT, NOMALIMENT) VALUES (6, 'Graine');
INSERT INTO Aliment(NUMALIMENT, NOMALIMENT) VALUES (7, 'Baies');
INSERT INTO Aliment(NUMALIMENT, NOMALIMENT) VALUES (8, 'Noix');
INSERT INTO Aliment(NUMALIMENT, NOMALIMENT) VALUES (9, 'Semence');
INSERT INTO Aliment(NUMALIMENT, NOMALIMENT) VALUES (10, 'Bourgeons');
INSERT INTO Aliment(NUMALIMENT, NOMALIMENT) VALUES (11, 'Micromammifères');
INSERT INTO Aliment(NUMALIMENT, NOMALIMENT) VALUES (12, 'Oiseaux');
INSERT INTO Aliment(NUMALIMENT, NOMALIMENT) VALUES (13, 'Lombrics');
INSERT INTO Aliment(NUMALIMENT, NOMALIMENT) VALUES (14, 'Mollusques');
INSERT INTO Aliment(NUMALIMENT, NOMALIMENT) VALUES (15, 'Noisettes');
INSERT INTO Aliment(NUMALIMENT, NOMALIMENT) VALUES (16, 'Vers de terre');


INSERT INTO ADHERENT(NUMADHERENT,NUMDEPARTEMENT,NOM,PRENOM,ADRESSE,CODEPOSTAL,COMMUNE,MAIL,TELFIXE,TELMOBILE,TELPRO,LONGITUDE,LATITUDE) VALUES (1,37,'Blair','Gavin','2 Rue Honoré de Balzac',37261,'Tours','iaculis@outlook.com','0555471552','0650045433','0615653008','0.5522242','47.3923346');
INSERT INTO ADHERENT(NUMADHERENT,NUMDEPARTEMENT,NOM,PRENOM,ADRESSE,CODEPOSTAL,COMMUNE,MAIL,TELFIXE,TELMOBILE,TELPRO,LONGITUDE,LATITUDE) VALUES (2,41,'Sampson','Wanda','11 Route de Bracieux',41086,'Fontaines-en-Sologne','metus.vivamus@hotmail.com','0206137154','0753247245','0608229434','1.55246','47.532414');
INSERT INTO ADHERENT(NUMADHERENT,NUMDEPARTEMENT,NOM,PRENOM,ADRESSE,CODEPOSTAL,COMMUNE,MAIL,TELFIXE,TELMOBILE,TELPRO,LONGITUDE,LATITUDE) VALUES (3,83,'Santiago','Anika','98 Rue de Kerguelen',83137,'Toulon','nec@hotmail.com','0112686457','0685515811','0602953587','5.931199177280781','43.10419677121262');
INSERT INTO ADHERENT(NUMADHERENT,NUMDEPARTEMENT,NOM,PRENOM,ADRESSE,CODEPOSTAL,COMMUNE,MAIL,TELFIXE,TELMOBILE,TELPRO,LONGITUDE,LATITUDE) VALUES (4,48,'Rios','Jescie','35 Impasse de la Rajole',48089,'Le Malzieu-Forain','molestie.pharetra.nibh@hotmail.com','0479392866','0625264663','0648269886','3.354447','44.87165');
INSERT INTO ADHERENT(NUMADHERENT,NUMDEPARTEMENT,NOM,PRENOM,ADRESSE,CODEPOSTAL,COMMUNE,MAIL,TELFIXE,TELMOBILE,TELPRO,LONGITUDE,LATITUDE) VALUES (5,73,'Welch','Ina','9 Chemin des bernards',73311,'Le Verneil','lobortis.tellus@icloud.fr','0436781152','0748752653','0698873570','6.1705369','45.4638943');
INSERT INTO ADHERENT(NUMADHERENT,NUMDEPARTEMENT,NOM,PRENOM,ADRESSE,CODEPOSTAL,COMMUNE,MAIL,TELFIXE,TELMOBILE,TELPRO,LONGITUDE,LATITUDE) VALUES (6,86,'Wade','Chantale','12 Les Barbotins',86083,'Coulombiers','tincidunt@yahoo.fr','0367811411','0767505192','0650644130','0.179951','46.486162');
INSERT INTO ADHERENT(NUMADHERENT,NUMDEPARTEMENT,NOM,PRENOM,ADRESSE,CODEPOSTAL,COMMUNE,MAIL,TELFIXE,TELMOBILE,TELPRO,LONGITUDE,LATITUDE) VALUES (7,27,'Welch','Genevieve','1 Rue Jules Ferry',27602,'Saint-Sébastien-de-Morsent','ipsum.dolor@icloud.fr','0284350424','0724831982','0643652177','1.082195','49.005666');
INSERT INTO ADHERENT(NUMADHERENT,NUMDEPARTEMENT,NOM,PRENOM,ADRESSE,CODEPOSTAL,COMMUNE,MAIL,TELFIXE,TELMOBILE,TELPRO,LONGITUDE,LATITUDE) VALUES (8,87,'Harvey','Fiona','24 avenue del''Abattoir',87085,'Limoges','mus.proin@icloud.fr','0456888092','0676441616','0618964254','1.25979245','45.81023194');
INSERT INTO ADHERENT(NUMADHERENT,NUMDEPARTEMENT,NOM,PRENOM,ADRESSE,CODEPOSTAL,COMMUNE,MAIL,TELFIXE,TELMOBILE,TELPRO,LONGITUDE,LATITUDE) VALUES (9,37,'Cooke','Maile','4 Rue du Lavoir',37256,'Theneuil','aliquam.ultrices@google.fr','0487653019','0753201471','0731250676','0.627922','47.112219');
INSERT INTO ADHERENT(NUMADHERENT,NUMDEPARTEMENT,NOM,PRENOM,ADRESSE,CODEPOSTAL,COMMUNE,MAIL,TELFIXE,TELMOBILE,TELPRO,LONGITUDE,LATITUDE) VALUES (10,82,'Pena','Halée','10 Chemin du Batut',82187,'Varen','ipsum.dolor@outlook.com','0172770470','0773357527','0733552891','1.860714','44.15216');
INSERT INTO ADHERENT(NUMADHERENT,NUMDEPARTEMENT,NOM,PRENOM,ADRESSE,CODEPOSTAL,COMMUNE,MAIL,TELFIXE,TELMOBILE,TELPRO,LONGITUDE,LATITUDE) VALUES (11,92,'Castillo','Ann','5 Rue Yves Cariou',92047,'Marnes-la-Coquette','ipsum.suspendisse@outlook.fr','0552717884','0625385141','0664522272','2.17405381','48.83138029');
INSERT INTO ADHERENT(NUMADHERENT,NUMDEPARTEMENT,NOM,PRENOM,ADRESSE,CODEPOSTAL,COMMUNE,MAIL,TELFIXE,TELMOBILE,TELPRO,LONGITUDE,LATITUDE) VALUES (12,37,'Bailey','Linus','31 Route du Moulin Glabert',37217,'Saint-étienne-de-Chigny','quisque@outlook.fr','0567853042','0617217154','0734021046','0.5272854','47.3830332');
INSERT INTO ADHERENT(NUMADHERENT,NUMDEPARTEMENT,NOM,PRENOM,ADRESSE,CODEPOSTAL,COMMUNE,MAIL,TELFIXE,TELMOBILE,TELPRO,LONGITUDE,LATITUDE) VALUES (13,35,'Rowe','Uriah','24 Rue Jean Marie de la Mennais',35125,'La Guerche-de-Bretagne','tincidunt@icloud.fr','0366074630','0651759128','0752360026','-1.222814','47.941823');
INSERT INTO ADHERENT(NUMADHERENT,NUMDEPARTEMENT,NOM,PRENOM,ADRESSE,CODEPOSTAL,COMMUNE,MAIL,TELFIXE,TELMOBILE,TELPRO,LONGITUDE,LATITUDE) VALUES (14,19,'Leach','Keaton','31 Allée Du Communal',19289,'Yssandon','penatibus.et@hotmail.fr','0142033952','0657278322','0661262523','1.38943352105864','45.2037196624408');
INSERT INTO ADHERENT(NUMADHERENT,NUMDEPARTEMENT,NOM,PRENOM,ADRESSE,CODEPOSTAL,COMMUNE,MAIL,TELFIXE,TELMOBILE,TELPRO,LONGITUDE,LATITUDE) VALUES (15,38,'Dixon','Kalia','2 Rue de la Rousse',38418,'Sainte-Marie-du-Mont','mauris.nulla.integer@hotmail.com','0527818113','0615725149','0696566359','5.943739','45.39697');
INSERT INTO ADHERENT(NUMADHERENT,NUMDEPARTEMENT,NOM,PRENOM,ADRESSE,CODEPOSTAL,COMMUNE,MAIL,TELFIXE,TELMOBILE,TELPRO,LONGITUDE,LATITUDE) VALUES (16,34,'Waters','Neve','15 Allée Albert Soboul',34172,'Montpellier','pede.nec.ante@outlook.com','0471331239','0691118246','0622505351','3.8406369','43.5921178');
INSERT INTO ADHERENT(NUMADHERENT,NUMDEPARTEMENT,NOM,PRENOM,ADRESSE,CODEPOSTAL,COMMUNE,MAIL,TELFIXE,TELMOBILE,TELPRO,LONGITUDE,LATITUDE) VALUES (17,81,'Mueller','Caesar','2 Rue du Pigeonnier',81065,'Castres','at.pede@hotmail.fr','0368265855','0602215009','0713793761','2.23446868340318','43.6558016896029');
INSERT INTO ADHERENT(NUMADHERENT,NUMDEPARTEMENT,NOM,PRENOM,ADRESSE,CODEPOSTAL,COMMUNE,MAIL,TELFIXE,TELMOBILE,TELPRO,LONGITUDE,LATITUDE) VALUES (18,29,'England','Inez','6 Park Leur Keraotret',29110,'Langolen','et.ultrices@hotmail.fr','0464725452','0651896642','0675595264','-3.918484122211201','48.070318667258384');
INSERT INTO ADHERENT(NUMADHERENT,NUMDEPARTEMENT,NOM,PRENOM,ADRESSE,CODEPOSTAL,COMMUNE,MAIL,TELFIXE,TELMOBILE,TELPRO,LONGITUDE,LATITUDE) VALUES (19,24,'Cole','Alvin','43 Impasse Bigotta',24307,'Naussannes','odio.nam@outlook.com','0485226438','0617393824','0630206756','0.6999074','44.75323615');
INSERT INTO ADHERENT(NUMADHERENT,NUMDEPARTEMENT,NOM,PRENOM,ADRESSE,CODEPOSTAL,COMMUNE,MAIL,TELFIXE,TELMOBILE,TELPRO,LONGITUDE,LATITUDE) VALUES (20,63,'Miller','Gannon','8 Allée des Sports',63003,'Ambert','est.nunc.laoréet@outlook.fr','0574351117','0634857156','0642193426','3.751357','45.539722');
INSERT INTO ADHERENT(NUMADHERENT,NUMDEPARTEMENT,NOM,PRENOM,ADRESSE,CODEPOSTAL,COMMUNE,MAIL,TELFIXE,TELMOBILE,TELPRO,LONGITUDE,LATITUDE) VALUES (21,71,'Mullen','Lani','12 Route de Chagny',71171,'Dennevy','eros@icloud.com','0401012216','0770067218','0761440708','4.650388','46.867356');
INSERT INTO ADHERENT(NUMADHERENT,NUMDEPARTEMENT,NOM,PRENOM,ADRESSE,CODEPOSTAL,COMMUNE,MAIL,TELFIXE,TELMOBILE,TELPRO,LONGITUDE,LATITUDE) VALUES (22,57,'Leblanc','Alexa','13 Allée des Pensées',57553,'Pournoy-la-Chétive','tincidunt.aliquam@google.fr','0542495253','0608947045','0756893153','6.15309300201044','49.0198507651686');
INSERT INTO ADHERENT(NUMADHERENT,NUMDEPARTEMENT,NOM,PRENOM,ADRESSE,CODEPOSTAL,COMMUNE,MAIL,TELFIXE,TELMOBILE,TELPRO,LONGITUDE,LATITUDE) VALUES (23,46,'Bates','Adria','6 Chemin du Mas d''Atgié',46132,'Issendolus','facilisis@yahoo.com','0544934467','0693568552','0777761380','1.787652','44.745266');
INSERT INTO ADHERENT(NUMADHERENT,NUMDEPARTEMENT,NOM,PRENOM,ADRESSE,CODEPOSTAL,COMMUNE,MAIL,TELFIXE,TELMOBILE,TELPRO,LONGITUDE,LATITUDE) VALUES (24,66,'Cruz','Nigel','26 Rue Joaquim Albarron',66136,'Perpignan','mattis.cras.eget@yahoo.fr','0574086615','0624461643','0632854387','2.890444','42.671029');
INSERT INTO ADHERENT(NUMADHERENT,NUMDEPARTEMENT,NOM,PRENOM,ADRESSE,CODEPOSTAL,COMMUNE,MAIL,TELFIXE,TELMOBILE,TELPRO,LONGITUDE,LATITUDE) VALUES (25,31,'Vaughan','Wesley','8 Chemin del''Artel',31450,'Renneville','lacus.cras@yahoo.fr','0343087054','0644926356','0637125256','1.720577','43.393667');
INSERT INTO ADHERENT(NUMADHERENT,NUMDEPARTEMENT,NOM,PRENOM,ADRESSE,CODEPOSTAL,COMMUNE,MAIL,TELFIXE,TELMOBILE,TELPRO,LONGITUDE,LATITUDE) VALUES (26,51,'Marks','Wesley','13 Rue Alfred de Musset',51108,'Châlons-en-Champagne','sodales.mauris@google.com','0412270614','0663614119','0783975436','4.393397150743537','48.94100856192253');
INSERT INTO ADHERENT(NUMADHERENT,NUMDEPARTEMENT,NOM,PRENOM,ADRESSE,CODEPOSTAL,COMMUNE,MAIL,TELFIXE,TELMOBILE,TELPRO,LONGITUDE,LATITUDE) VALUES (27,41,'Black','Linda','9 Route de Bracieux',41086,'Fontaines-en-Sologne','fusce.aliquet@yahoo.fr','0178812371','0618155622','0646644885','1.550231','47.50983');
INSERT INTO ADHERENT(NUMADHERENT,NUMDEPARTEMENT,NOM,PRENOM,ADRESSE,CODEPOSTAL,COMMUNE,MAIL,TELFIXE,TELMOBILE,TELPRO,LONGITUDE,LATITUDE) VALUES (28,51,'Boyle','Garth','47 Route de Saint Oulph',51155,'Clesles','dapibus.id@outlook.com','0421297744','0775759631','0623114317','3.838818','48.531478');
INSERT INTO ADHERENT(NUMADHERENT,NUMDEPARTEMENT,NOM,PRENOM,ADRESSE,CODEPOSTAL,COMMUNE,MAIL,TELFIXE,TELMOBILE,TELPRO,LONGITUDE,LATITUDE) VALUES (29,19,'Medina','Merrill','11 Rue Claude Monet',19229,'Saint Pantaléon de Larche','neque.sed.eget@outlook.com','0357331415','0647931932','0766484151','1.45905744572546','45.1441169657113');
INSERT INTO ADHERENT(NUMADHERENT,NUMDEPARTEMENT,NOM,PRENOM,ADRESSE,CODEPOSTAL,COMMUNE,MAIL,TELFIXE,TELMOBILE,TELPRO,LONGITUDE,LATITUDE) VALUES (30,11,'Paul','Madaline','1 Rue du Pont de la Cave',11079,'Caudebronde','non.quam@outlook.com','0328926922','0624242865','0642283165','2.309638','43.378384');
INSERT INTO ADHERENT(NUMADHERENT,NUMDEPARTEMENT,NOM,PRENOM,ADRESSE,CODEPOSTAL,COMMUNE,MAIL,TELFIXE,TELMOBILE,TELPRO,LONGITUDE,LATITUDE) VALUES (31,27,'Garcia','Erin','12 Allée de la Clairière',27528,'Le Vaudreuil','odio.nam@hotmail.com','0581683669','0679649135','0648187706','1.193782','49.251702');
INSERT INTO ADHERENT(NUMADHERENT,NUMDEPARTEMENT,NOM,PRENOM,ADRESSE,CODEPOSTAL,COMMUNE,MAIL,TELFIXE,TELMOBILE,TELPRO,LONGITUDE,LATITUDE) VALUES (32,34,'Le','Karina','1 Rue Saint Guilhem',34172,'Montpellier','ipsum@outlook.com','0276253673','0772261862','0638164363','3.8765327','43.610325');
INSERT INTO ADHERENT(NUMADHERENT,NUMDEPARTEMENT,NOM,PRENOM,ADRESSE,CODEPOSTAL,COMMUNE,MAIL,TELFIXE,TELMOBILE,TELPRO,LONGITUDE,LATITUDE) VALUES (33,24,'Wyatt','Stewart','12 Route de la Forge Basile',24577,'Le Bourg','ipsum@icloud.fr','0292733385','0791850754','0653559251','0.28384243','44.8050311');
INSERT INTO ADHERENT(NUMADHERENT,NUMDEPARTEMENT,NOM,PRENOM,ADRESSE,CODEPOSTAL,COMMUNE,MAIL,TELFIXE,TELMOBILE,TELPRO,LONGITUDE,LATITUDE) VALUES (34,40,'Pierce','Oleg','10 Route de Bernadia',40018,'Audon','iaculis.quis.pede@google.com','0480361821','0746826159','0764233828','-0.8133288','43.8004747');
INSERT INTO ADHERENT(NUMADHERENT,NUMDEPARTEMENT,NOM,PRENOM,ADRESSE,CODEPOSTAL,COMMUNE,MAIL,TELFIXE,TELMOBILE,TELPRO,LONGITUDE,LATITUDE) VALUES (35,85,'Golden','Nasim','35 Chemin de la bionnière',85306,'XANTON-CHASSENON','lectus.quis@yahoo.com','0167396349','0655559274','0789631484','-0.69413945','46.43786117');
INSERT INTO ADHERENT(NUMADHERENT,NUMDEPARTEMENT,NOM,PRENOM,ADRESSE,CODEPOSTAL,COMMUNE,MAIL,TELFIXE,TELMOBILE,TELPRO,LONGITUDE,LATITUDE) VALUES (36,66,'Holman','Acton','3 Rue Marinoni',66136,'Perpignan','feugiat.tellus@yahoo.com','0589464761','0654854113','0622826091','2.885403','42.725626');
INSERT INTO ADHERENT(NUMADHERENT,NUMDEPARTEMENT,NOM,PRENOM,ADRESSE,CODEPOSTAL,COMMUNE,MAIL,TELFIXE,TELMOBILE,TELPRO,LONGITUDE,LATITUDE) VALUES (37,38,'Richmond','Troy','32 Rue Gabriel Rosset Boulon',38130,'La Côte-Saint-André','enim@icloud.fr','0215281059','0758448755','0652843516','5.27106','45.397586');
INSERT INTO ADHERENT(NUMADHERENT,NUMDEPARTEMENT,NOM,PRENOM,ADRESSE,CODEPOSTAL,COMMUNE,MAIL,TELFIXE,TELMOBILE,TELPRO,LONGITUDE,LATITUDE) VALUES (38,46,'Dejesus','Mason','1 Puy Clavel',46129,'Gréalou','tincidunt.tempus.risus@icloud.com','0334503541','0718776193','0638284177','1.898604','44.543136');
INSERT INTO ADHERENT(NUMADHERENT,NUMDEPARTEMENT,NOM,PRENOM,ADRESSE,CODEPOSTAL,COMMUNE,MAIL,TELFIXE,TELMOBILE,TELPRO,LONGITUDE,LATITUDE) VALUES (39,64,'Pruitt','Jermaine','51 Route De L''aubin',64144,'Boumourt','velit.eget.laoreet@yahoo.com','0454236337','0692795855','0651900655','-0.5340333','43.4400265');
INSERT INTO ADHERENT(NUMADHERENT,NUMDEPARTEMENT,NOM,PRENOM,ADRESSE,CODEPOSTAL,COMMUNE,MAIL,TELFIXE,TELMOBILE,TELPRO,LONGITUDE,LATITUDE) VALUES (40,14,'Moses','Ivana','5 Impasse les Soyers',14171,'Combray','dictum.phasellus@hotmail.com','0185262540','0718392634','0717898667','-0.4445312368','48.9523578906');
INSERT INTO ADHERENT(NUMADHERENT,NUMDEPARTEMENT,NOM,PRENOM,ADRESSE,CODEPOSTAL,COMMUNE,MAIL,TELFIXE,TELMOBILE,TELPRO,LONGITUDE,LATITUDE) VALUES (41,61,'Roy','Bruce','2 Chemin du Pré Bazelin',61100,'La Chapelle-Viel','malesuada.fames@outlook.com','0357391548','0755893885','0638462545','0.6140126','48.6969838');
INSERT INTO ADHERENT(NUMADHERENT,NUMDEPARTEMENT,NOM,PRENOM,ADRESSE,CODEPOSTAL,COMMUNE,MAIL,TELFIXE,TELMOBILE,TELPRO,LONGITUDE,LATITUDE) VALUES (42,18,'Reyes','Darryl','22 Rue du Clos du Gardieu',18270,'Vallenay','bibendum.fermentum@icloud.com','0322439740','0723138999','0711543556','2.366397','46.800965');
INSERT INTO ADHERENT(NUMADHERENT,NUMDEPARTEMENT,NOM,PRENOM,ADRESSE,CODEPOSTAL,COMMUNE,MAIL,TELFIXE,TELMOBILE,TELPRO,LONGITUDE,LATITUDE) VALUES (43,14,'Bowen','Olivia','6 Rue des Broderies',14658,'Noues-de-Sienne','ut.tincidunt.orci@icloud.fr','0155177672','0688565841','0724276144','-1.0541030514','48.8431089579');
INSERT INTO ADHERENT(NUMADHERENT,NUMDEPARTEMENT,NOM,PRENOM,ADRESSE,CODEPOSTAL,COMMUNE,MAIL,TELFIXE,TELMOBILE,TELPRO,LONGITUDE,LATITUDE) VALUES (44,40,'Perkins','Gage','6 Rue Saint-Vincent de Paul',40197,'Morcenx-la-Nouvelle','volutpat.ornare@yahoo.com','0318864503','0657171540','0786752742','-0.911104','44.035171');
INSERT INTO ADHERENT(NUMADHERENT,NUMDEPARTEMENT,NOM,PRENOM,ADRESSE,CODEPOSTAL,COMMUNE,MAIL,TELFIXE,TELMOBILE,TELPRO,LONGITUDE,LATITUDE) VALUES (45,68,'Christensen','Jennifer','34 Rue de Soultz',68376,'Wittenheim','convallis.dolor@google.fr','0426490712','0635573830','0675161376','7.311925','47.802093');
INSERT INTO ADHERENT(NUMADHERENT,NUMDEPARTEMENT,NOM,PRENOM,ADRESSE,CODEPOSTAL,COMMUNE,MAIL,TELFIXE,TELMOBILE,TELPRO,LONGITUDE,LATITUDE) VALUES (46,66,'Griffith','Aurelia','15 Rue Antoine Baume',66136,'Perpignan','molestie@outlook.com','0523011271','0757380479','0786156168','2.847473','42.676361');
INSERT INTO ADHERENT(NUMADHERENT,NUMDEPARTEMENT,NOM,PRENOM,ADRESSE,CODEPOSTAL,COMMUNE,MAIL,TELFIXE,TELMOBILE,TELPRO,LONGITUDE,LATITUDE) VALUES (47,51,'Frazier','Kane','20 impasse Achille Bureau',51454,'Reims','massa.mauris@icloud.com','0160149153','0746623666','0661913393','4.029816771869332','49.24001982467533');
INSERT INTO ADHERENT(NUMADHERENT,NUMDEPARTEMENT,NOM,PRENOM,ADRESSE,CODEPOSTAL,COMMUNE,MAIL,TELFIXE,TELMOBILE,TELPRO,LONGITUDE,LATITUDE) VALUES (48,72,'Camacho','Audrey','16 Route de Challes',72382,'Volnay','blandit.enim.consequat@google.com','0583138721','0688231372','0617847632','0.461902','47.9299192');
INSERT INTO ADHERENT(NUMADHERENT,NUMDEPARTEMENT,NOM,PRENOM,ADRESSE,CODEPOSTAL,COMMUNE,MAIL,TELFIXE,TELMOBILE,TELPRO,LONGITUDE,LATITUDE) VALUES (49,18,'Salinas','Zia','33 grand''rue',18194,'Rians','sed.malesuada@icloud.com','0224336835','0725758463','0683254601','2.612863','47.185413');
INSERT INTO ADHERENT(NUMADHERENT,NUMDEPARTEMENT,NOM,PRENOM,ADRESSE,CODEPOSTAL,COMMUNE,MAIL,TELFIXE,TELMOBILE,TELPRO,LONGITUDE,LATITUDE) VALUES (50,77,'Gay','Vance','15 Chemin du Bout des Voies',77025,'Bazoches-lès-Bray','nisi.magna.sed@yahoo.com','0226745879','0796674812','0775132033','3.174453','48.402075');
INSERT INTO ADHERENT(NUMADHERENT,NUMDEPARTEMENT,NOM,PRENOM,ADRESSE,CODEPOSTAL,COMMUNE,MAIL,TELFIXE,TELMOBILE,TELPRO,LONGITUDE,LATITUDE) VALUES (51,89,'Warren','Flynn','46 Grande Rue',89430,'Varennes','sed.dictum@outlook.fr','0104410952','0636208570','0636879031','3.787417','47.906348');
INSERT INTO ADHERENT(NUMADHERENT,NUMDEPARTEMENT,NOM,PRENOM,ADRESSE,CODEPOSTAL,COMMUNE,MAIL,TELFIXE,TELMOBILE,TELPRO,LONGITUDE,LATITUDE) VALUES (52,52,'Wilkinson','Nehru','23 Rue Principale',52419,'Rennepont','ut.nisi@yahoo.fr','0536896867','0651727901','0688481143','4.855641','48.148001');
INSERT INTO ADHERENT(NUMADHERENT,NUMDEPARTEMENT,NOM,PRENOM,ADRESSE,CODEPOSTAL,COMMUNE,MAIL,TELFIXE,TELMOBILE,TELPRO,LONGITUDE,LATITUDE) VALUES (53,52,'Bowman','Cameran','3 Rue des Fossés',52250,'Joinville','dui.in.sodales@google.fr','0148433126','0736237711','0735875386','5.137225','48.44381');
INSERT INTO ADHERENT(NUMADHERENT,NUMDEPARTEMENT,NOM,PRENOM,ADRESSE,CODEPOSTAL,COMMUNE,MAIL,TELFIXE,TELMOBILE,TELPRO,LONGITUDE,LATITUDE) VALUES (54,88,'Pollard','Zena','6 Rue des Grès Flammés',88367,'Rambervillers','libero.dui.nec@outlook.fr','0534392264','0734565349','0626266681','6.630538','48.341323');
INSERT INTO ADHERENT(NUMADHERENT,NUMDEPARTEMENT,NOM,PRENOM,ADRESSE,CODEPOSTAL,COMMUNE,MAIL,TELFIXE,TELMOBILE,TELPRO,LONGITUDE,LATITUDE) VALUES (55,48,'Carey','Farrah','5 Rue de la Toscane',48095,'Mende','fermentum.convallis@outlook.com','0171032913','0639516109','0716856367','3.468351','44.525636');
INSERT INTO ADHERENT(NUMADHERENT,NUMDEPARTEMENT,NOM,PRENOM,ADRESSE,CODEPOSTAL,COMMUNE,MAIL,TELFIXE,TELMOBILE,TELPRO,LONGITUDE,LATITUDE) VALUES (56,85,'Blevins','Whoopi','12 Rue du sarrasin',85197,'Monrevard','duis.at@icloud.com','0422924866','0621733382','0656086244','-1.4135049','46.89315824');
INSERT INTO ADHERENT(NUMADHERENT,NUMDEPARTEMENT,NOM,PRENOM,ADRESSE,CODEPOSTAL,COMMUNE,MAIL,TELFIXE,TELMOBILE,TELPRO,LONGITUDE,LATITUDE) VALUES (57,23,'Gamble','Martina','1 Lieu-dit Beautribeau',23177,'Saint-Agnant-de-Versillat','nam.tempor@outlook.com','0252318466','0735538555','0791564771','1.453301','46.265889');
INSERT INTO ADHERENT(NUMADHERENT,NUMDEPARTEMENT,NOM,PRENOM,ADRESSE,CODEPOSTAL,COMMUNE,MAIL,TELFIXE,TELMOBILE,TELPRO,LONGITUDE,LATITUDE) VALUES (58,17,'Sargent','Carl','13 Lotissement de la Malloliere',17194,'La Jarrie','quisque@google.fr','0454833857','0618142323','0645244354','-1.000254','46.128557');
INSERT INTO ADHERENT(NUMADHERENT,NUMDEPARTEMENT,NOM,PRENOM,ADRESSE,CODEPOSTAL,COMMUNE,MAIL,TELFIXE,TELMOBILE,TELPRO,LONGITUDE,LATITUDE) VALUES (59,84,'Barr','Kevin','61 Cours Stassart',84136,'Vacqueyras','eget.varius@icloud.com','0414555099','0727468667','0604770641','4.9827682','44.1379282');
INSERT INTO ADHERENT(NUMADHERENT,NUMDEPARTEMENT,NOM,PRENOM,ADRESSE,CODEPOSTAL,COMMUNE,MAIL,TELFIXE,TELMOBILE,TELPRO,LONGITUDE,LATITUDE) VALUES (60,56,'Mckinney','Alexandra','5 rue commune',56030,'Camoël','rhoncus.nullam@hotmail.com','0576741655','0622332060','0733230952','-2.394803007866228','47.48130637796477');
INSERT INTO ADHERENT(NUMADHERENT,NUMDEPARTEMENT,NOM,PRENOM,ADRESSE,CODEPOSTAL,COMMUNE,MAIL,TELFIXE,TELMOBILE,TELPRO,LONGITUDE,LATITUDE) VALUES (61,46,'Rodriquez','Carolyn','11 rue de gagny',46201,'Montcuq-en-Quercy-Blanc','non@google.fr','0227123376','0640663479','0631878554','1.204142','44.33793');
INSERT INTO ADHERENT(NUMADHERENT,NUMDEPARTEMENT,NOM,PRENOM,ADRESSE,CODEPOSTAL,COMMUNE,MAIL,TELFIXE,TELMOBILE,TELPRO,LONGITUDE,LATITUDE) VALUES (62,32,'Nielsen','Priscilla','60 Chemin de la oueyte',32153,'Haulies','mauris.blandit.mattis@hotmail.com','0148442672','0715826644','0754565542','0.68549','43.559867');
INSERT INTO ADHERENT(NUMADHERENT,NUMDEPARTEMENT,NOM,PRENOM,ADRESSE,CODEPOSTAL,COMMUNE,MAIL,TELFIXE,TELMOBILE,TELPRO,LONGITUDE,LATITUDE) VALUES (63,47,'Bartlett','Kadeem','43 route de Saint Gemme',47121,'Labastide-Castel-Amouroux','arcu@outlook.fr','0158925448','0742198328','0725773377','0.129519','44.339724');
INSERT INTO ADHERENT(NUMADHERENT,NUMDEPARTEMENT,NOM,PRENOM,ADRESSE,CODEPOSTAL,COMMUNE,MAIL,TELFIXE,TELMOBILE,TELPRO,LONGITUDE,LATITUDE) VALUES (64,22,'Yang','Paul','14 Rue de Bellevue',22158,'Guerlédan','arcu.curabitur.ut@hotmail.com','0188856546','0646348860','0643335586','-2.991399','48.198516');
INSERT INTO ADHERENT(NUMADHERENT,NUMDEPARTEMENT,NOM,PRENOM,ADRESSE,CODEPOSTAL,COMMUNE,MAIL,TELFIXE,TELMOBILE,TELPRO,LONGITUDE,LATITUDE) VALUES (65,55,'Sharp','Nerea','56 Allée de la Carafiole',55545,'Verdun','nisi@google.com','0498655835','0601761964','0619152562','5.403617','49.154014');
INSERT INTO ADHERENT(NUMADHERENT,NUMDEPARTEMENT,NOM,PRENOM,ADRESSE,CODEPOSTAL,COMMUNE,MAIL,TELFIXE,TELMOBILE,TELPRO,LONGITUDE,LATITUDE) VALUES (66,28,'Richards','Murphy','16 Rue de la Garenne',28075,'La Chapelle-du-Noyer','augue.eu@outlook.com','0432338188','0643421486','0659603427','1.306124','48.058463');
INSERT INTO ADHERENT(NUMADHERENT,NUMDEPARTEMENT,NOM,PRENOM,ADRESSE,CODEPOSTAL,COMMUNE,MAIL,TELFIXE,TELMOBILE,TELPRO,LONGITUDE,LATITUDE) VALUES (67,73,'Walsh','Kim','11 Chemin de milly',73300,'Tresserve','ut@hotmail.com','0527855281','0640757226','0771000148','5.8953693','45.6738976');
INSERT INTO ADHERENT(NUMADHERENT,NUMDEPARTEMENT,NOM,PRENOM,ADRESSE,CODEPOSTAL,COMMUNE,MAIL,TELFIXE,TELMOBILE,TELPRO,LONGITUDE,LATITUDE) VALUES (68,65,'Mathis','Carlos','12 Rue Fénelon',65417,'Séméac','dis.parturient@icloud.com','0196934284','0749687122','0683411174','0.110724','43.227912');
INSERT INTO ADHERENT(NUMADHERENT,NUMDEPARTEMENT,NOM,PRENOM,ADRESSE,CODEPOSTAL,COMMUNE,MAIL,TELFIXE,TELMOBILE,TELPRO,LONGITUDE,LATITUDE) VALUES (69,84,'Boyd','Lydia','70 Impasse de l''Écluse',84119,'Saint-Saturnin-lès-Avignon','luctus.lobortis@yahoo.fr','0557588222','0740972616','0642873544','4.930229','43.967487');
INSERT INTO ADHERENT(NUMADHERENT,NUMDEPARTEMENT,NOM,PRENOM,ADRESSE,CODEPOSTAL,COMMUNE,MAIL,TELFIXE,TELMOBILE,TELPRO,LONGITUDE,LATITUDE) VALUES (70,88,'Buck','Adam','51 Rue de la Gare',88059,'Biffontaine','nec@icloud.com','0358309823','0734582184','0646588656','6.80633','48.209732');
INSERT INTO ADHERENT(NUMADHERENT,NUMDEPARTEMENT,NOM,PRENOM,ADRESSE,CODEPOSTAL,COMMUNE,MAIL,TELFIXE,TELMOBILE,TELPRO,LONGITUDE,LATITUDE) VALUES (71,83,'Foreman','Curran','36 Chemin de Saint-roch',83090,'Ollioules','nibh.dolor@yahoo.fr','0585561739','0786551847','0676391925','5.849118','43.137523');
INSERT INTO ADHERENT(NUMADHERENT,NUMDEPARTEMENT,NOM,PRENOM,ADRESSE,CODEPOSTAL,COMMUNE,MAIL,TELFIXE,TELMOBILE,TELPRO,LONGITUDE,LATITUDE) VALUES (72,16,'Woodward','Armando','6 Route de villechaise',16337,'Saint Maurice des Lions','in.ornare.sagittis@outlook.com','0284128780','0742037261','0708477264','0.6634473798','45.9797017507');
INSERT INTO ADHERENT(NUMADHERENT,NUMDEPARTEMENT,NOM,PRENOM,ADRESSE,CODEPOSTAL,COMMUNE,MAIL,TELFIXE,TELMOBILE,TELPRO,LONGITUDE,LATITUDE) VALUES (73,58,'Bowman','Natalie','23 Rue René Bulens',58215,'Pouilly-sur-Loire','libero.nec@google.fr','0224224427','0716648182','0676325721','2.983171','47.270399');
INSERT INTO ADHERENT(NUMADHERENT,NUMDEPARTEMENT,NOM,PRENOM,ADRESSE,CODEPOSTAL,COMMUNE,MAIL,TELFIXE,TELMOBILE,TELPRO,LONGITUDE,LATITUDE) VALUES (74,58,'Wall','Hope','22 Rue des Clous',58057,'Chantenay-Saint-Imbert','vehicula.risus@google.com','0545892124','0624916479','0663400406','3.188844','46.733002');
INSERT INTO ADHERENT(NUMADHERENT,NUMDEPARTEMENT,NOM,PRENOM,ADRESSE,CODEPOSTAL,COMMUNE,MAIL,TELFIXE,TELMOBILE,TELPRO,LONGITUDE,LATITUDE) VALUES (75,74,'Collier','Leigh','47 Chemin des punaises',74263,'Sciez','semper.tellus.id@hotmail.fr','0537082249','0728685939','0742796056','6.405844','46.3374714');
INSERT INTO ADHERENT(NUMADHERENT,NUMDEPARTEMENT,NOM,PRENOM,ADRESSE,CODEPOSTAL,COMMUNE,MAIL,TELFIXE,TELMOBILE,TELPRO,LONGITUDE,LATITUDE) VALUES (76,82,'Green','Fatima','10 Rue Amiral Fournier',82134,'Nègrepelisse','nam.porttitor.scelerisque@icloud.fr','0182858286','0603471525','0714117749','1.520873','44.075825');
INSERT INTO ADHERENT(NUMADHERENT,NUMDEPARTEMENT,NOM,PRENOM,ADRESSE,CODEPOSTAL,COMMUNE,MAIL,TELFIXE,TELMOBILE,TELPRO,LONGITUDE,LATITUDE) VALUES (77,73,'Rodriquez','Delilah','7 Rue du granier',73065,'Chambéry','magna@google.com','0148644316','0675594154','0740494606','5.9028802','45.5779681');
INSERT INTO ADHERENT(NUMADHERENT,NUMDEPARTEMENT,NOM,PRENOM,ADRESSE,CODEPOSTAL,COMMUNE,MAIL,TELFIXE,TELMOBILE,TELPRO,LONGITUDE,LATITUDE) VALUES (78,44,'Chapman','Cheyenne','13 Rue de la Begaudais',44221,'La Chevallerais','risus.nulla@google.fr','0222396136','0645428750','0730158202','-1.677043','47.469692');
INSERT INTO ADHERENT(NUMADHERENT,NUMDEPARTEMENT,NOM,PRENOM,ADRESSE,CODEPOSTAL,COMMUNE,MAIL,TELFIXE,TELMOBILE,TELPRO,LONGITUDE,LATITUDE) VALUES (79,41,'Massey','Ashton','31 Rue de la Fosse d''Oille',41280,'Villefranche-sur-Cher','sodales.elit.erat@google.fr','0200173350','0626508784','0670732370','1.758748','47.300327');
INSERT INTO ADHERENT(NUMADHERENT,NUMDEPARTEMENT,NOM,PRENOM,ADRESSE,CODEPOSTAL,COMMUNE,MAIL,TELFIXE,TELMOBILE,TELPRO,LONGITUDE,LATITUDE) VALUES (80,66,'Gardner','Leandra','1 Rue des Saules',66181,'Sainte-Léocadie','aenean.eget@hotmail.com','0466843282','0604662427','0657201567','1.997815','42.439693');
INSERT INTO ADHERENT(NUMADHERENT,NUMDEPARTEMENT,NOM,PRENOM,ADRESSE,CODEPOSTAL,COMMUNE,MAIL,TELFIXE,TELMOBILE,TELPRO,LONGITUDE,LATITUDE) VALUES (81,32,'Maxwell','Lysandra','4 Rue Jérôme Cuzin',32117,'Duran','placerat.velit.quisque@icloud.com','0118743353','0752037639','0654549154','0.558081','43.66761');
INSERT INTO ADHERENT(NUMADHERENT,NUMDEPARTEMENT,NOM,PRENOM,ADRESSE,CODEPOSTAL,COMMUNE,MAIL,TELFIXE,TELMOBILE,TELPRO,LONGITUDE,LATITUDE) VALUES (82,44,'Cunningham','Nicole','58 Rue des marais',44087,'Machecoul-Saint-Même','curae.donec.tincidunt@icloud.fr','0437061495','0789455244','0714268146','-1.834481','46.991668');
INSERT INTO ADHERENT(NUMADHERENT,NUMDEPARTEMENT,NOM,PRENOM,ADRESSE,CODEPOSTAL,COMMUNE,MAIL,TELFIXE,TELMOBILE,TELPRO,LONGITUDE,LATITUDE) VALUES (83,44,'Dominguez','Colin','218 Rue Charles Lecour',44215,'Vertou','mauris.eu.turpis@icloud.com','0247893062','0773594255','0780032139','-1.5091013684157113','47.18902368374407');
INSERT INTO ADHERENT(NUMADHERENT,NUMDEPARTEMENT,NOM,PRENOM,ADRESSE,CODEPOSTAL,COMMUNE,MAIL,TELFIXE,TELMOBILE,TELPRO,LONGITUDE,LATITUDE) VALUES (84,30,'Joyner','Dana','109 Chemin d''Aubarnes',30331,'Tresques','vel.pede.blandit@hotmail.fr','0307556674','0764264223','0747463160','4.5833095310583','44.1027740727644');
INSERT INTO ADHERENT(NUMADHERENT,NUMDEPARTEMENT,NOM,PRENOM,ADRESSE,CODEPOSTAL,COMMUNE,MAIL,TELFIXE,TELMOBILE,TELPRO,LONGITUDE,LATITUDE) VALUES (85,30,'Morris','Byron','275 Chemin du Puits de l''Argile',30149,'lirac','quisque.fringilla@hotmail.fr','0307688975','0728841254','0644271457','4.6834977160861','44.033173665287');
INSERT INTO ADHERENT(NUMADHERENT,NUMDEPARTEMENT,NOM,PRENOM,ADRESSE,CODEPOSTAL,COMMUNE,MAIL,TELFIXE,TELMOBILE,TELPRO,LONGITUDE,LATITUDE) VALUES (86,35,'Ferrell','Virginia','3 Place du Calvaire',35238,'Rennes','pede.nunc.sed@icloud.com','0173251326','0606666434','0683197054','-1.681058306569541','48.110782690596466');
INSERT INTO ADHERENT(NUMADHERENT,NUMDEPARTEMENT,NOM,PRENOM,ADRESSE,CODEPOSTAL,COMMUNE,MAIL,TELFIXE,TELMOBILE,TELPRO,LONGITUDE,LATITUDE) VALUES (87,41,'Malone','Marny','34 Rue Saint-Marc',41161,'Nouan-le-Fuzelier','varius.et.euismod@google.fr','0427761294','0771505237','0747842639','2.033558','47.543819');
INSERT INTO ADHERENT(NUMADHERENT,NUMDEPARTEMENT,NOM,PRENOM,ADRESSE,CODEPOSTAL,COMMUNE,MAIL,TELFIXE,TELMOBILE,TELPRO,LONGITUDE,LATITUDE) VALUES (88,30,'Banks','Hyatt','229 Route de Mas Pontier',30001,'Aigaliers','imperdiet.ornare@icloud.com','0503888424','0730698694','0706407824','4.346966','44.052269');
INSERT INTO ADHERENT(NUMADHERENT,NUMDEPARTEMENT,NOM,PRENOM,ADRESSE,CODEPOSTAL,COMMUNE,MAIL,TELFIXE,TELMOBILE,TELPRO,LONGITUDE,LATITUDE) VALUES (89,56,'Mercer','Deborah','8 Impasse des Genets',56248,'Surzur','ullamcorper.nisl.arcu@hotmail.com','0169263342','0744122967','0677358694','-2.642627','47.582799');
INSERT INTO ADHERENT(NUMADHERENT,NUMDEPARTEMENT,NOM,PRENOM,ADRESSE,CODEPOSTAL,COMMUNE,MAIL,TELFIXE,TELMOBILE,TELPRO,LONGITUDE,LATITUDE) VALUES (90,27,'Fischer','Amethyst','86 Rue des Zephyrs',27112,'Breteuil','ac.fermentum.vel@outlook.com','0177522498','0764616318','0781186164','0.919901','48.830931');
INSERT INTO ADHERENT(NUMADHERENT,NUMDEPARTEMENT,NOM,PRENOM,ADRESSE,CODEPOSTAL,COMMUNE,MAIL,TELFIXE,TELMOBILE,TELPRO,LONGITUDE,LATITUDE) VALUES (91,71,'French','Keegan','80 Route d''Odrets',71178,'Dompierre-les-Ormes','ut.nec.urna@icloud.com','0266900159','0791323936','0749733466','4.504537','46.333773');
INSERT INTO ADHERENT(NUMADHERENT,NUMDEPARTEMENT,NOM,PRENOM,ADRESSE,CODEPOSTAL,COMMUNE,MAIL,TELFIXE,TELMOBILE,TELPRO,LONGITUDE,LATITUDE) VALUES (92,56,'Barry','Malachi','34 Allée de Kerblaisy',56107,'Larmor-Plage','aliquet.libero@hotmail.com','0240157676','0745738651','0696651245','-3.384489','47.711396');
INSERT INTO ADHERENT(NUMADHERENT,NUMDEPARTEMENT,NOM,PRENOM,ADRESSE,CODEPOSTAL,COMMUNE,MAIL,TELFIXE,TELMOBILE,TELPRO,LONGITUDE,LATITUDE) VALUES (93,53,'Wright','Gwendolyn','1 Chemin de la Carterie',53233,'Saint-Loup-du-Dorat','curae.phasellus@google.com','0315729921','0788712578','0669555526','-0.4022777','47.8908468');
INSERT INTO ADHERENT(NUMADHERENT,NUMDEPARTEMENT,NOM,PRENOM,ADRESSE,CODEPOSTAL,COMMUNE,MAIL,TELFIXE,TELMOBILE,TELPRO,LONGITUDE,LATITUDE) VALUES (94,64,'Marsh','Hall','42 Rue de Salis',64024,'Anglet','quisque.ornare@yahoo.com','0360271774','0734918979','0722017962','-1.515569472064966','43.48592243672305');
INSERT INTO ADHERENT(NUMADHERENT,NUMDEPARTEMENT,NOM,PRENOM,ADRESSE,CODEPOSTAL,COMMUNE,MAIL,TELFIXE,TELMOBILE,TELPRO,LONGITUDE,LATITUDE) VALUES (95,18,'Armstrong','Dora','138 Chezal Huguet',18258,'Sury-en-Vaux','vulputate.velit@yahoo.fr','0168261361','0788915425','0665080512','2.774105','47.371016');
INSERT INTO ADHERENT(NUMADHERENT,NUMDEPARTEMENT,NOM,PRENOM,ADRESSE,CODEPOSTAL,COMMUNE,MAIL,TELFIXE,TELMOBILE,TELPRO,LONGITUDE,LATITUDE) VALUES (96,53,'Mccarty','Vincent','16 Rue Mazarin',53147,'Mayenne','feugiat.lorem@google.fr','0428741850','0652129008','0764173545','-0.6118898','48.2990288');
INSERT INTO ADHERENT(NUMADHERENT,NUMDEPARTEMENT,NOM,PRENOM,ADRESSE,CODEPOSTAL,COMMUNE,MAIL,TELFIXE,TELMOBILE,TELPRO,LONGITUDE,LATITUDE) VALUES (97,53,'Mccormick','Guinevere','4 Rue de la Futaie',53202,'Saint-Berthevin-la-Tannière','tincidunt.nibh@google.fr','0321549364','0793260350','0697724538','-0.987332','48.407404');
INSERT INTO ADHERENT(NUMADHERENT,NUMDEPARTEMENT,NOM,PRENOM,ADRESSE,CODEPOSTAL,COMMUNE,MAIL,TELFIXE,TELMOBILE,TELPRO,LONGITUDE,LATITUDE) VALUES (98,29,'Woodward','Kyla','8 Les Thuyas',29287,'Tréflez','urna.convallis@google.com','0380654128','0610838595','0765818319','-4.276995','48.64022');
INSERT INTO ADHERENT(NUMADHERENT,NUMDEPARTEMENT,NOM,PRENOM,ADRESSE,CODEPOSTAL,COMMUNE,MAIL,TELFIXE,TELMOBILE,TELPRO,LONGITUDE,LATITUDE) VALUES (99,53,'Thompson','Timothy','20 la Joyère',53030,'Le Bignon-du-Maine','aliquet@outlook.com','0577637143','0785917344','0768152175','-0.6337984','47.9362247');
INSERT INTO ADHERENT(NUMADHERENT,NUMDEPARTEMENT,NOM,PRENOM,ADRESSE,CODEPOSTAL,COMMUNE,MAIL,TELFIXE,TELMOBILE,TELPRO,LONGITUDE,LATITUDE) VALUES (100,53,'Kirby','Adrienne','66 Rue abbe angot',53127,'Lassay-les-Châteaux','integer@hotmail.com','0534748464','0734747783','0620518464','-0.4874069','48.440812');


INSERT INTO releve(numreleve,numadherent,numdepartement,dateobservation,lieu,longitude,latitude) VALUES (1,8,78,'21/09/2020','vers le lac',3.005822658,49.0830366);
INSERT INTO releve(numreleve,numadherent,numdepartement,dateobservation,lieu,longitude,latitude) VALUES (2,36,7,'21/03/2022','à l''iut',5.911675986,45.36567492);
INSERT INTO releve(numreleve,numadherent,numdepartement,dateobservation,lieu,longitude,latitude) VALUES (3,77,40,'28/09/2021','vers le lac',1.798322736,44.53219552);
INSERT INTO releve(numreleve,numadherent,numdepartement,dateobservation,lieu,longitude,latitude) VALUES (4,89,71,'20/10/2023','devant le café',7.302006756,47.15541081);
INSERT INTO releve(numreleve,numadherent,numdepartement,dateobservation,lieu,longitude,latitude) VALUES (5,64,26,'26/08/2023','dans mon jardin',7.011177248,45.34404223);
INSERT INTO releve(numreleve,numadherent,numdepartement,dateobservation,lieu,longitude,latitude) VALUES (6,26,65,'10/12/2023','devant la piscine',1.618160851,43.60931171);
INSERT INTO releve(numreleve,numadherent,numdepartement,dateobservation,lieu,longitude,latitude) VALUES (7,22,58,'12/02/2021','sur la mairie',5.616136289,47.58795887);
INSERT INTO releve(numreleve,numadherent,numdepartement,dateobservation,lieu,longitude,latitude) VALUES (8,60,25,'06/10/2022','à l''iut',8.425674136,47.57989759);
INSERT INTO releve(numreleve,numadherent,numdepartement,dateobservation,lieu,longitude,latitude) VALUES (9,70,41,'31/08/2022','à l''iut',3.915265856,48.13254857);
INSERT INTO releve(numreleve,numadherent,numdepartement,dateobservation,lieu,longitude,latitude) VALUES (10,60,85,'18/08/2021','dans mon jardin',1.323171107,47.0838939);
INSERT INTO releve(numreleve,numadherent,numdepartement,dateobservation,lieu,longitude,latitude) VALUES (11,62,8,'25/03/2022','au parc',6.761788841,50.16831742);
INSERT INTO releve(numreleve,numadherent,numdepartement,dateobservation,lieu,longitude,latitude) VALUES (12,61,76,'29/10/2020','dans mon jardin',3.514841551,50.0708516);
INSERT INTO releve(numreleve,numadherent,numdepartement,dateobservation,lieu,longitude,latitude) VALUES (13,61,87,'19/10/2020','sur le balcon',3.189155783,46.40154686);
INSERT INTO releve(numreleve,numadherent,numdepartement,dateobservation,lieu,longitude,latitude) VALUES (14,23,49,'20/01/2021','devant la piscine',1.82326022,47.80999251);
INSERT INTO releve(numreleve,numadherent,numdepartement,dateobservation,lieu,longitude,latitude) VALUES (15,4,29,'19/06/2020','au parc',-1.638156473,48.75230875);
INSERT INTO releve(numreleve,numadherent,numdepartement,dateobservation,lieu,longitude,latitude) VALUES (16,86,63,'30/12/2023','au parc',5.580785999,46.25548613);
INSERT INTO releve(numreleve,numadherent,numdepartement,dateobservation,lieu,longitude,latitude) VALUES (17,76,13,'29/07/2022','dans mon jardin',7.396214429,43.92406219);
INSERT INTO releve(numreleve,numadherent,numdepartement,dateobservation,lieu,longitude,latitude) VALUES (18,91,31,'25/08/2021','vers le lac',3.653717286,43.9202401);
INSERT INTO releve(numreleve,numadherent,numdepartement,dateobservation,lieu,longitude,latitude) VALUES (19,38,75,'15/01/2022','dans la forêt',2.710944871,48.90200779);
INSERT INTO releve(numreleve,numadherent,numdepartement,dateobservation,lieu,longitude,latitude) VALUES (20,30,13,'14/03/2020','devant le café',7.396214429,43.92406219);
INSERT INTO releve(numreleve,numadherent,numdepartement,dateobservation,lieu,longitude,latitude) VALUES (21,40,76,'14/11/2021','sur la mairie',3.514841551,50.0708516);
INSERT INTO releve(numreleve,numadherent,numdepartement,dateobservation,lieu,longitude,latitude) VALUES (22,26,51,'10/06/2020','sur la fontaine',6.677147629,49.40617903);
INSERT INTO releve(numreleve,numadherent,numdepartement,dateobservation,lieu,longitude,latitude) VALUES (23,68,82,'10/09/2023','à l''iut',3.254617838,44.3933311);
INSERT INTO releve(numreleve,numadherent,numdepartement,dateobservation,lieu,longitude,latitude) VALUES (24,84,21,'18/04/2022','sur un mangeoir',6.971017112,48.03024195);
INSERT INTO releve(numreleve,numadherent,numdepartement,dateobservation,lieu,longitude,latitude) VALUES (25,17,40,'16/08/2022','vers le lac',1.798322736,44.53219552);
INSERT INTO releve(numreleve,numadherent,numdepartement,dateobservation,lieu,longitude,latitude) VALUES (26,21,93,'03/12/2022','sur un mangeoir',2.916945893,49.01239779);
INSERT INTO releve(numreleve,numadherent,numdepartement,dateobservation,lieu,longitude,latitude) VALUES (27,100,19,'21/07/2023','au parc',3.829594685,45.76389556);
INSERT INTO releve(numreleve,numadherent,numdepartement,dateobservation,lieu,longitude,latitude) VALUES (28,23,64,'25/05/2021','devant le café',1.843478118,43.5964012);
INSERT INTO releve(numreleve,numadherent,numdepartement,dateobservation,lieu,longitude,latitude) VALUES (29,25,79,'05/09/2023','devant la piscine',1.332680659,47.10833343);
INSERT INTO releve(numreleve,numadherent,numdepartement,dateobservation,lieu,longitude,latitude) VALUES (30,46,94,'18/01/2022','sur la mairie',2.917080995,48.86140537);
INSERT INTO releve(numreleve,numadherent,numdepartement,dateobservation,lieu,longitude,latitude) VALUES (31,56,16,'10/01/2020','dans le square',2.353014999,46.13959149);
INSERT INTO releve(numreleve,numadherent,numdepartement,dateobservation,lieu,longitude,latitude) VALUES (32,43,34,'07/12/2020','au parc',5.848929347,43.96952716);
INSERT INTO releve(numreleve,numadherent,numdepartement,dateobservation,lieu,longitude,latitude) VALUES (33,55,14,'14/08/2023','sur un mangeoir',2.052050085,49.42985984);
INSERT INTO releve(numreleve,numadherent,numdepartement,dateobservation,lieu,longitude,latitude) VALUES (34,10,70,'14/01/2022','sur la fontaine',8.274308587,48.02371499);
INSERT INTO releve(numreleve,numadherent,numdepartement,dateobservation,lieu,longitude,latitude) VALUES (35,71,29,'26/02/2022','sur la fontaine',-1.638156473,48.75230875);
INSERT INTO releve(numreleve,numadherent,numdepartement,dateobservation,lieu,longitude,latitude) VALUES (36,20,72,'12/04/2023','devant la piscine',2.275456274,48.48295454);
INSERT INTO releve(numreleve,numadherent,numdepartement,dateobservation,lieu,longitude,latitude) VALUES (37,91,84,'02/07/2020','sur le balcon',6.86544802,44.43136723);
INSERT INTO releve(numreleve,numadherent,numdepartement,dateobservation,lieu,longitude,latitude) VALUES (38,51,1,'19/04/2022','devant le café',7.610375679,46.51719937);
INSERT INTO releve(numreleve,numadherent,numdepartement,dateobservation,lieu,longitude,latitude) VALUES (39,93,85,'20/06/2023','devant la piscine',1.323171107,47.0838939);
INSERT INTO releve(numreleve,numadherent,numdepartement,dateobservation,lieu,longitude,latitude) VALUES (40,16,35,'05/03/2021','sur la fontaine',0.255306043,48.7048545);
INSERT INTO releve(numreleve,numadherent,numdepartement,dateobservation,lieu,longitude,latitude) VALUES (41,42,2,'20/12/2020','sur la fontaine',5.54567687,50.06927197);
INSERT INTO releve(numreleve,numadherent,numdepartement,dateobservation,lieu,longitude,latitude) VALUES (42,88,76,'02/09/2023','sur le balcon',3.514841551,50.0708516);
INSERT INTO releve(numreleve,numadherent,numdepartement,dateobservation,lieu,longitude,latitude) VALUES (43,95,53,'30/10/2023','sur la mairie',1.138428222,48.56799406);
INSERT INTO releve(numreleve,numadherent,numdepartement,dateobservation,lieu,longitude,latitude) VALUES (44,67,65,'13/08/2022','dans un arbre',1.618160851,43.60931171);
INSERT INTO releve(numreleve,numadherent,numdepartement,dateobservation,lieu,longitude,latitude) VALUES (45,81,7,'23/02/2022','dans le square',5.911675986,45.36567492);
INSERT INTO releve(numreleve,numadherent,numdepartement,dateobservation,lieu,longitude,latitude) VALUES (46,59,61,'16/08/2020','dans la forêt',2.812902831,48.97255759);
INSERT INTO releve(numreleve,numadherent,numdepartement,dateobservation,lieu,longitude,latitude) VALUES (47,31,80,'18/03/2023','sur la fontaine',5.026385433,50.36629064);
INSERT INTO releve(numreleve,numadherent,numdepartement,dateobservation,lieu,longitude,latitude) VALUES (48,29,84,'16/11/2021','sur les berges',6.86544802,44.43136723);
INSERT INTO releve(numreleve,numadherent,numdepartement,dateobservation,lieu,longitude,latitude) VALUES (49,35,41,'30/08/2023','vers le lac',3.915265856,48.13254857);
INSERT INTO releve(numreleve,numadherent,numdepartement,dateobservation,lieu,longitude,latitude) VALUES (50,28,31,'20/07/2021','sur le balcon',3.653717286,43.9202401);
INSERT INTO releve(numreleve,numadherent,numdepartement,dateobservation,lieu,longitude,latitude) VALUES (51,42,4,'12/11/2022','à l''arrêt de bus',8.435629329,44.65950135);
INSERT INTO releve(numreleve,numadherent,numdepartement,dateobservation,lieu,longitude,latitude) VALUES (52,54,46,'11/04/2022','devant le café',3.440010337,45.04627585);
INSERT INTO releve(numreleve,numadherent,numdepartement,dateobservation,lieu,longitude,latitude) VALUES (53,11,78,'15/12/2021','dans le square',3.005822658,49.0830366);
INSERT INTO releve(numreleve,numadherent,numdepartement,dateobservation,lieu,longitude,latitude) VALUES (54,38,32,'17/11/2023','sur la fontaine',2.684785411,44.07822455);
INSERT INTO releve(numreleve,numadherent,numdepartement,dateobservation,lieu,longitude,latitude) VALUES (55,83,85,'14/07/2021','sur le balcon',1.323171107,47.0838939);
INSERT INTO releve(numreleve,numadherent,numdepartement,dateobservation,lieu,longitude,latitude) VALUES (56,19,76,'25/06/2023','sur les berges',3.514841551,50.0708516);
INSERT INTO releve(numreleve,numadherent,numdepartement,dateobservation,lieu,longitude,latitude) VALUES (57,53,61,'03/06/2023','au parc',2.812902831,48.97255759);
INSERT INTO releve(numreleve,numadherent,numdepartement,dateobservation,lieu,longitude,latitude) VALUES (58,91,77,'21/02/2023','au parc',4.71805098,49.11755332);
INSERT INTO releve(numreleve,numadherent,numdepartement,dateobservation,lieu,longitude,latitude) VALUES (59,48,22,'19/01/2021','sur un mangeoir',-0.154314694,48.86741183);
INSERT INTO releve(numreleve,numadherent,numdepartement,dateobservation,lieu,longitude,latitude) VALUES (60,33,71,'21/03/2022','devant la piscine',7.302006756,47.15541081);
INSERT INTO releve(numreleve,numadherent,numdepartement,dateobservation,lieu,longitude,latitude) VALUES (61,94,13,'16/06/2023','devant la piscine',7.396214429,43.92406219);
INSERT INTO releve(numreleve,numadherent,numdepartement,dateobservation,lieu,longitude,latitude) VALUES (62,79,44,'21/11/2022','sur le balcon',0.666066539,47.83355772);
INSERT INTO releve(numreleve,numadherent,numdepartement,dateobservation,lieu,longitude,latitude) VALUES (63,25,76,'03/09/2023','devant le café',3.514841551,50.0708516);
INSERT INTO releve(numreleve,numadherent,numdepartement,dateobservation,lieu,longitude,latitude) VALUES (64,28,16,'03/09/2023','à l''arrêt de bus',2.353014999,46.13959149);
INSERT INTO releve(numreleve,numadherent,numdepartement,dateobservation,lieu,longitude,latitude) VALUES (65,77,68,'07/02/2023','vers le lac',8.401343064,48.31047126);
INSERT INTO releve(numreleve,numadherent,numdepartement,dateobservation,lieu,longitude,latitude) VALUES (66,4,8,'18/05/2022','sur le balcon',6.761788841,50.16831742);
INSERT INTO releve(numreleve,numadherent,numdepartement,dateobservation,lieu,longitude,latitude) VALUES (67,66,20,'09/06/2020','sur le balcon',10.27454092,42.38140494);
INSERT INTO releve(numreleve,numadherent,numdepartement,dateobservation,lieu,longitude,latitude) VALUES (68,4,2,'17/06/2020','à l''arrêt de bus',5.54567687,50.06927197);
INSERT INTO releve(numreleve,numadherent,numdepartement,dateobservation,lieu,longitude,latitude) VALUES (69,49,14,'19/10/2020','sur la fontaine',2.052050085,49.42985984);
INSERT INTO releve(numreleve,numadherent,numdepartement,dateobservation,lieu,longitude,latitude) VALUES (70,1,76,'26/02/2021','au parc',3.514841551,50.0708516);
INSERT INTO releve(numreleve,numadherent,numdepartement,dateobservation,lieu,longitude,latitude) VALUES (71,28,44,'04/06/2020','sur le balcon',0.666066539,47.83355772);
INSERT INTO releve(numreleve,numadherent,numdepartement,dateobservation,lieu,longitude,latitude) VALUES (72,55,75,'06/09/2021','dans la forêt',2.710944871,48.90200779);
INSERT INTO releve(numreleve,numadherent,numdepartement,dateobservation,lieu,longitude,latitude) VALUES (73,50,70,'26/11/2021','devant le café',8.274308587,48.02371499);
INSERT INTO releve(numreleve,numadherent,numdepartement,dateobservation,lieu,longitude,latitude) VALUES (74,14,68,'07/10/2021','dans un arbre',8.401343064,48.31047126);
INSERT INTO releve(numreleve,numadherent,numdepartement,dateobservation,lieu,longitude,latitude) VALUES (75,39,15,'14/07/2021','sur le balcon',4.676910312,45.4807029);
INSERT INTO releve(numreleve,numadherent,numdepartement,dateobservation,lieu,longitude,latitude) VALUES (76,12,9,'23/04/2023','à l''iut',3.525630554,43.31560148);
INSERT INTO releve(numreleve,numadherent,numdepartement,dateobservation,lieu,longitude,latitude) VALUES (77,30,82,'20/01/2020','sur la mairie',3.254617838,44.3933311);
INSERT INTO releve(numreleve,numadherent,numdepartement,dateobservation,lieu,longitude,latitude) VALUES (78,52,15,'02/10/2023','dans mon jardin',4.676910312,45.4807029);
INSERT INTO releve(numreleve,numadherent,numdepartement,dateobservation,lieu,longitude,latitude) VALUES (79,23,50,'09/02/2021','sur les berges',0.47263128,49.72555793);
INSERT INTO releve(numreleve,numadherent,numdepartement,dateobservation,lieu,longitude,latitude) VALUES (80,45,56,'25/05/2021','dans le square',-0.339366881,48.21088476);
INSERT INTO releve(numreleve,numadherent,numdepartement,dateobservation,lieu,longitude,latitude) VALUES (81,31,87,'01/10/2021','sur la fontaine',3.189155783,46.40154686);
INSERT INTO releve(numreleve,numadherent,numdepartement,dateobservation,lieu,longitude,latitude) VALUES (82,24,91,'02/05/2022','devant le café',3.255827439,48.776102);
INSERT INTO releve(numreleve,numadherent,numdepartement,dateobservation,lieu,longitude,latitude) VALUES (83,6,1,'19/08/2023','sur le balcon',7.610375679,46.51719937);
INSERT INTO releve(numreleve,numadherent,numdepartement,dateobservation,lieu,longitude,latitude) VALUES (84,37,67,'02/07/2021','à l''iut',9.520425537,49.07788493);
INSERT INTO releve(numreleve,numadherent,numdepartement,dateobservation,lieu,longitude,latitude) VALUES (85,23,81,'27/07/2022','au parc',4.326937582,44.20083444);
INSERT INTO releve(numreleve,numadherent,numdepartement,dateobservation,lieu,longitude,latitude) VALUES (86,21,65,'08/10/2023','devant le café',1.618160851,43.60931171);
INSERT INTO releve(numreleve,numadherent,numdepartement,dateobservation,lieu,longitude,latitude) VALUES (87,58,94,'09/11/2023','devant le café',2.917080995,48.86140537);
INSERT INTO releve(numreleve,numadherent,numdepartement,dateobservation,lieu,longitude,latitude) VALUES (88,3,36,'11/03/2023','sur les berges',3.541315185,47.27681903);
INSERT INTO releve(numreleve,numadherent,numdepartement,dateobservation,lieu,longitude,latitude) VALUES (89,39,74,'13/08/2021','dans la forêt',8.280377871,46.40808155);
INSERT INTO releve(numreleve,numadherent,numdepartement,dateobservation,lieu,longitude,latitude) VALUES (90,54,39,'29/11/2021','vers le lac',7.151777138,47.30547531);
INSERT INTO releve(numreleve,numadherent,numdepartement,dateobservation,lieu,longitude,latitude) VALUES (91,88,58,'04/06/2020','sur un mangeoir',5.616136289,47.58795887);
INSERT INTO releve(numreleve,numadherent,numdepartement,dateobservation,lieu,longitude,latitude) VALUES (92,75,27,'09/11/2023','dans la forêt',3.308123618,49.48511187);
INSERT INTO releve(numreleve,numadherent,numdepartement,dateobservation,lieu,longitude,latitude) VALUES (93,61,14,'23/04/2023','devant la piscine',2.052050085,49.42985984);
INSERT INTO releve(numreleve,numadherent,numdepartement,dateobservation,lieu,longitude,latitude) VALUES (94,83,13,'28/11/2021','sur le balcon',7.396214429,43.92406219);
INSERT INTO releve(numreleve,numadherent,numdepartement,dateobservation,lieu,longitude,latitude) VALUES (95,25,87,'13/12/2022','sur la fontaine',3.189155783,46.40154686);
INSERT INTO releve(numreleve,numadherent,numdepartement,dateobservation,lieu,longitude,latitude) VALUES (96,53,90,'27/08/2021','à l''iut',7.521962142,47.82478435);
INSERT INTO releve(numreleve,numadherent,numdepartement,dateobservation,lieu,longitude,latitude) VALUES (97,70,68,'05/12/2020','dans la forêt',8.401343064,48.31047126);
INSERT INTO releve(numreleve,numadherent,numdepartement,dateobservation,lieu,longitude,latitude) VALUES (98,99,73,'29/01/2021','devant le café',8.745521562,45.93845768);
INSERT INTO releve(numreleve,numadherent,numdepartement,dateobservation,lieu,longitude,latitude) VALUES (99,61,39,'04/09/2022','à l''iut',7.151777138,47.30547531);
INSERT INTO releve(numreleve,numadherent,numdepartement,dateobservation,lieu,longitude,latitude) VALUES (100,95,4,'14/07/2021','sur la mairie',8.435629329,44.65950135);
INSERT INTO releve(numreleve,numadherent,numdepartement,dateobservation,lieu,longitude,latitude) VALUES (101,89,14,'03/05/2023','au parc',2.052050085,49.42985984);
INSERT INTO releve(numreleve,numadherent,numdepartement,dateobservation,lieu,longitude,latitude) VALUES (102,6,16,'11/02/2021','dans un arbre',2.353014999,46.13959149);
INSERT INTO releve(numreleve,numadherent,numdepartement,dateobservation,lieu,longitude,latitude) VALUES (103,60,56,'28/04/2022','dans la forêt',-0.339366881,48.21088476);
INSERT INTO releve(numreleve,numadherent,numdepartement,dateobservation,lieu,longitude,latitude) VALUES (104,31,56,'09/05/2022','dans un arbre',-0.339366881,48.21088476);
INSERT INTO releve(numreleve,numadherent,numdepartement,dateobservation,lieu,longitude,latitude) VALUES (105,76,17,'16/09/2022','dans un arbre',1.573126495,46.3710514);
INSERT INTO releve(numreleve,numadherent,numdepartement,dateobservation,lieu,longitude,latitude) VALUES (106,23,95,'10/01/2021','devant le café',3.572257978,49.23219722);
INSERT INTO releve(numreleve,numadherent,numdepartement,dateobservation,lieu,longitude,latitude) VALUES (107,28,61,'25/07/2023','sur un mangeoir',2.812902831,48.97255759);
INSERT INTO releve(numreleve,numadherent,numdepartement,dateobservation,lieu,longitude,latitude) VALUES (108,19,30,'16/05/2023','dans un arbre',6.42826615,44.45979847);
INSERT INTO releve(numreleve,numadherent,numdepartement,dateobservation,lieu,longitude,latitude) VALUES (109,9,37,'05/03/2023','vers le lac',2.677454973,47.70934622);
INSERT INTO releve(numreleve,numadherent,numdepartement,dateobservation,lieu,longitude,latitude) VALUES (110,72,82,'22/04/2022','devant le café',3.254617838,44.3933311);
INSERT INTO releve(numreleve,numadherent,numdepartement,dateobservation,lieu,longitude,latitude) VALUES (111,46,50,'08/07/2022','sur la mairie',0.47263128,49.72555793);
INSERT INTO releve(numreleve,numadherent,numdepartement,dateobservation,lieu,longitude,latitude) VALUES (112,1,67,'03/02/2021','sur le balcon',9.520425537,49.07788493);
INSERT INTO releve(numreleve,numadherent,numdepartement,dateobservation,lieu,longitude,latitude) VALUES (113,46,4,'22/01/2022','sur la mairie',8.435629329,44.65950135);
INSERT INTO releve(numreleve,numadherent,numdepartement,dateobservation,lieu,longitude,latitude) VALUES (114,76,34,'09/12/2022','sur la fontaine',5.848929347,43.96952716);
INSERT INTO releve(numreleve,numadherent,numdepartement,dateobservation,lieu,longitude,latitude) VALUES (115,35,66,'16/05/2023','dans la forêt',4.623931314,42.91833964);
INSERT INTO releve(numreleve,numadherent,numdepartement,dateobservation,lieu,longitude,latitude) VALUES (116,42,41,'30/07/2022','dans mon jardin',3.915265856,48.13254857);
INSERT INTO releve(numreleve,numadherent,numdepartement,dateobservation,lieu,longitude,latitude) VALUES (117,45,77,'14/03/2020','sur la fontaine',4.71805098,49.11755332);
INSERT INTO releve(numreleve,numadherent,numdepartement,dateobservation,lieu,longitude,latitude) VALUES (118,85,75,'28/05/2022','devant le café',2.710944871,48.90200779);
INSERT INTO releve(numreleve,numadherent,numdepartement,dateobservation,lieu,longitude,latitude) VALUES (119,81,88,'24/05/2020','sur la mairie',9.002098851,48.51358782);
INSERT INTO releve(numreleve,numadherent,numdepartement,dateobservation,lieu,longitude,latitude) VALUES (120,54,24,'11/05/2022','dans mon jardin',2.938519025,45.71456996);
INSERT INTO releve(numreleve,numadherent,numdepartement,dateobservation,lieu,longitude,latitude) VALUES (121,54,90,'20/04/2022','dans le square',7.521962142,47.82478435);
INSERT INTO releve(numreleve,numadherent,numdepartement,dateobservation,lieu,longitude,latitude) VALUES (122,34,7,'22/02/2023','à l''arrêt de bus',5.911675986,45.36567492);
INSERT INTO releve(numreleve,numadherent,numdepartement,dateobservation,lieu,longitude,latitude) VALUES (123,11,91,'07/08/2022','dans le square',3.255827439,48.776102);
INSERT INTO releve(numreleve,numadherent,numdepartement,dateobservation,lieu,longitude,latitude) VALUES (124,89,13,'14/12/2023','au parc',7.396214429,43.92406219);
INSERT INTO releve(numreleve,numadherent,numdepartement,dateobservation,lieu,longitude,latitude) VALUES (125,86,47,'28/11/2022','à l''arrêt de bus',2.296563313,44.76439054);
INSERT INTO releve(numreleve,numadherent,numdepartement,dateobservation,lieu,longitude,latitude) VALUES (126,38,69,'13/04/2021','dans le square',6.074936189,46.30399412);
INSERT INTO releve(numreleve,numadherent,numdepartement,dateobservation,lieu,longitude,latitude) VALUES (127,19,91,'17/01/2023','sur les berges',3.255827439,48.776102);
INSERT INTO releve(numreleve,numadherent,numdepartement,dateobservation,lieu,longitude,latitude) VALUES (128,30,14,'25/12/2023','sur les berges',2.052050085,49.42985984);
INSERT INTO releve(numreleve,numadherent,numdepartement,dateobservation,lieu,longitude,latitude) VALUES (129,22,59,'07/05/2022','dans mon jardin',6.388286999,51.08854371);
INSERT INTO releve(numreleve,numadherent,numdepartement,dateobservation,lieu,longitude,latitude) VALUES (130,24,92,'24/08/2021','au parc',2.526829956,48.95096586);
INSERT INTO releve(numreleve,numadherent,numdepartement,dateobservation,lieu,longitude,latitude) VALUES (131,16,30,'29/03/2020','sur la fontaine',6.42826615,44.45979847);
INSERT INTO releve(numreleve,numadherent,numdepartement,dateobservation,lieu,longitude,latitude) VALUES (132,5,50,'15/03/2023','sur la mairie',0.47263128,49.72555793);
INSERT INTO releve(numreleve,numadherent,numdepartement,dateobservation,lieu,longitude,latitude) VALUES (133,12,70,'25/07/2021','sur le balcon',8.274308587,48.02371499);
INSERT INTO releve(numreleve,numadherent,numdepartement,dateobservation,lieu,longitude,latitude) VALUES (134,14,15,'03/10/2022','sur un mangeoir',4.676910312,45.4807029);
INSERT INTO releve(numreleve,numadherent,numdepartement,dateobservation,lieu,longitude,latitude) VALUES (135,38,55,'16/03/2022','dans un arbre',6.81977195,49.61708679);
INSERT INTO releve(numreleve,numadherent,numdepartement,dateobservation,lieu,longitude,latitude) VALUES (136,95,36,'18/05/2023','sur la fontaine',3.541315185,47.27681903);
INSERT INTO releve(numreleve,numadherent,numdepartement,dateobservation,lieu,longitude,latitude) VALUES (137,16,88,'20/09/2022','devant la piscine',9.002098851,48.51358782);
INSERT INTO releve(numreleve,numadherent,numdepartement,dateobservation,lieu,longitude,latitude) VALUES (138,70,27,'27/01/2022','dans le square',3.308123618,49.48511187);
INSERT INTO releve(numreleve,numadherent,numdepartement,dateobservation,lieu,longitude,latitude) VALUES (139,4,44,'27/05/2021','dans un arbre',0.666066539,47.83355772);
INSERT INTO releve(numreleve,numadherent,numdepartement,dateobservation,lieu,longitude,latitude) VALUES (140,48,29,'25/08/2020','vers le lac',-1.638156473,48.75230875);
INSERT INTO releve(numreleve,numadherent,numdepartement,dateobservation,lieu,longitude,latitude) VALUES (141,56,62,'14/02/2023','sur la mairie',4.818917808,51.00650151);
INSERT INTO releve(numreleve,numadherent,numdepartement,dateobservation,lieu,longitude,latitude) VALUES (142,12,59,'08/08/2021','dans mon jardin',6.388286999,51.08854371);
INSERT INTO releve(numreleve,numadherent,numdepartement,dateobservation,lieu,longitude,latitude) VALUES (143,71,18,'29/05/2023','au parc',4.384079568,47.62896594);
INSERT INTO releve(numreleve,numadherent,numdepartement,dateobservation,lieu,longitude,latitude) VALUES (144,14,35,'10/03/2023','dans un arbre',0.255306043,48.7048545);
INSERT INTO releve(numreleve,numadherent,numdepartement,dateobservation,lieu,longitude,latitude) VALUES (145,91,46,'05/10/2020','devant le café',3.440010337,45.04627585);
INSERT INTO releve(numreleve,numadherent,numdepartement,dateobservation,lieu,longitude,latitude) VALUES (146,75,72,'29/03/2020','dans la forêt',2.275456274,48.48295454);
INSERT INTO releve(numreleve,numadherent,numdepartement,dateobservation,lieu,longitude,latitude) VALUES (147,14,27,'05/06/2023','devant la piscine',3.308123618,49.48511187);
INSERT INTO releve(numreleve,numadherent,numdepartement,dateobservation,lieu,longitude,latitude) VALUES (148,31,57,'24/11/2023','sur un mangeoir',9.377159193,49.51001904);
INSERT INTO releve(numreleve,numadherent,numdepartement,dateobservation,lieu,longitude,latitude) VALUES (149,7,3,'08/09/2020','devant le café',5.730737333,46.80387208);
INSERT INTO releve(numreleve,numadherent,numdepartement,dateobservation,lieu,longitude,latitude) VALUES (150,10,63,'31/12/2023','dans un arbre',5.580785999,46.25548613);


INSERT INTO est_present(numespece,nummois) VALUES (1,1);
INSERT INTO est_present(numespece,nummois) VALUES (1,2);
INSERT INTO est_present(numespece,nummois) VALUES (1,4);
INSERT INTO est_present(numespece,nummois) VALUES (1,5);
INSERT INTO est_present(numespece,nummois) VALUES (1,8);
INSERT INTO est_present(numespece,nummois) VALUES (1,12);
INSERT INTO est_present(numespece,nummois) VALUES (2,1);
INSERT INTO est_present(numespece,nummois) VALUES (2,2);
INSERT INTO est_present(numespece,nummois) VALUES (2,4);
INSERT INTO est_present(numespece,nummois) VALUES (2,5);
INSERT INTO est_present(numespece,nummois) VALUES (2,8);
INSERT INTO est_present(numespece,nummois) VALUES (2,9);
INSERT INTO est_present(numespece,nummois) VALUES (2,10);
INSERT INTO est_present(numespece,nummois) VALUES (2,12);
INSERT INTO est_present(numespece,nummois) VALUES (3,3);
INSERT INTO est_present(numespece,nummois) VALUES (3,5);
INSERT INTO est_present(numespece,nummois) VALUES (3,7);
INSERT INTO est_present(numespece,nummois) VALUES (3,11);
INSERT INTO est_present(numespece,nummois) VALUES (3,12);
INSERT INTO est_present(numespece,nummois) VALUES (4,1);
INSERT INTO est_present(numespece,nummois) VALUES (4,2);
INSERT INTO est_present(numespece,nummois) VALUES (4,5);
INSERT INTO est_present(numespece,nummois) VALUES (4,6);
INSERT INTO est_present(numespece,nummois) VALUES (4,7);
INSERT INTO est_present(numespece,nummois) VALUES (4,8);
INSERT INTO est_present(numespece,nummois) VALUES (4,10);
INSERT INTO est_present(numespece,nummois) VALUES (4,12);
INSERT INTO est_present(numespece,nummois) VALUES (5,1);
INSERT INTO est_present(numespece,nummois) VALUES (5,3);
INSERT INTO est_present(numespece,nummois) VALUES (5,5);
INSERT INTO est_present(numespece,nummois) VALUES (5,6);
INSERT INTO est_present(numespece,nummois) VALUES (5,7);
INSERT INTO est_present(numespece,nummois) VALUES (5,8);
INSERT INTO est_present(numespece,nummois) VALUES (5,9);
INSERT INTO est_present(numespece,nummois) VALUES (6,4);
INSERT INTO est_present(numespece,nummois) VALUES (6,5);
INSERT INTO est_present(numespece,nummois) VALUES (6,8);
INSERT INTO est_present(numespece,nummois) VALUES (6,10);
INSERT INTO est_present(numespece,nummois) VALUES (6,11);
INSERT INTO est_present(numespece,nummois) VALUES (6,12);
INSERT INTO est_present(numespece,nummois) VALUES (7,3);
INSERT INTO est_present(numespece,nummois) VALUES (7,4);
INSERT INTO est_present(numespece,nummois) VALUES (7,5);
INSERT INTO est_present(numespece,nummois) VALUES (7,7);
INSERT INTO est_present(numespece,nummois) VALUES (7,8);
INSERT INTO est_present(numespece,nummois) VALUES (7,9);
INSERT INTO est_present(numespece,nummois) VALUES (7,10);
INSERT INTO est_present(numespece,nummois) VALUES (7,12);
INSERT INTO est_present(numespece,nummois) VALUES (8,1);
INSERT INTO est_present(numespece,nummois) VALUES (8,5);
INSERT INTO est_present(numespece,nummois) VALUES (8,9);
INSERT INTO est_present(numespece,nummois) VALUES (8,10);
INSERT INTO est_present(numespece,nummois) VALUES (8,12);
INSERT INTO est_present(numespece,nummois) VALUES (9,3);
INSERT INTO est_present(numespece,nummois) VALUES (9,5);
INSERT INTO est_present(numespece,nummois) VALUES (9,7);
INSERT INTO est_present(numespece,nummois) VALUES (9,11);
INSERT INTO est_present(numespece,nummois) VALUES (10,1);
INSERT INTO est_present(numespece,nummois) VALUES (10,4);
INSERT INTO est_present(numespece,nummois) VALUES (10,5);
INSERT INTO est_present(numespece,nummois) VALUES (10,6);
INSERT INTO est_present(numespece,nummois) VALUES (10,10);
INSERT INTO est_present(numespece,nummois) VALUES (10,11);
INSERT INTO est_present(numespece,nummois) VALUES (11,3);
INSERT INTO est_present(numespece,nummois) VALUES (11,5);
INSERT INTO est_present(numespece,nummois) VALUES (11,10);
INSERT INTO est_present(numespece,nummois) VALUES (11,12);
INSERT INTO est_present(numespece,nummois) VALUES (12,2);
INSERT INTO est_present(numespece,nummois) VALUES (12,3);
INSERT INTO est_present(numespece,nummois) VALUES (12,4);
INSERT INTO est_present(numespece,nummois) VALUES (12,5);
INSERT INTO est_present(numespece,nummois) VALUES (12,7);
INSERT INTO est_present(numespece,nummois) VALUES (12,8);
INSERT INTO est_present(numespece,nummois) VALUES (13,5);
INSERT INTO est_present(numespece,nummois) VALUES (13,9);
INSERT INTO est_present(numespece,nummois) VALUES (13,10);
INSERT INTO est_present(numespece,nummois) VALUES (13,11);
INSERT INTO est_present(numespece,nummois) VALUES (14,4);
INSERT INTO est_present(numespece,nummois) VALUES (14,5);
INSERT INTO est_present(numespece,nummois) VALUES (14,6);
INSERT INTO est_present(numespece,nummois) VALUES (14,7);
INSERT INTO est_present(numespece,nummois) VALUES (14,8);
INSERT INTO est_present(numespece,nummois) VALUES (14,9);
INSERT INTO est_present(numespece,nummois) VALUES (14,11);
INSERT INTO est_present(numespece,nummois) VALUES (15,1);
INSERT INTO est_present(numespece,nummois) VALUES (15,2);
INSERT INTO est_present(numespece,nummois) VALUES (15,3);
INSERT INTO est_present(numespece,nummois) VALUES (15,5);
INSERT INTO est_present(numespece,nummois) VALUES (15,7);
INSERT INTO est_present(numespece,nummois) VALUES (15,8);
INSERT INTO est_present(numespece,nummois) VALUES (15,9);
INSERT INTO est_present(numespece,nummois) VALUES (15,10);
INSERT INTO est_present(numespece,nummois) VALUES (16,1);
INSERT INTO est_present(numespece,nummois) VALUES (16,2);
INSERT INTO est_present(numespece,nummois) VALUES (16,5);
INSERT INTO est_present(numespece,nummois) VALUES (16,9);
INSERT INTO est_present(numespece,nummois) VALUES (16,12);
INSERT INTO est_present(numespece,nummois) VALUES (17,1);
INSERT INTO est_present(numespece,nummois) VALUES (17,4);
INSERT INTO est_present(numespece,nummois) VALUES (17,5);
INSERT INTO est_present(numespece,nummois) VALUES (17,6);
INSERT INTO est_present(numespece,nummois) VALUES (17,7);
INSERT INTO est_present(numespece,nummois) VALUES (17,9);
INSERT INTO est_present(numespece,nummois) VALUES (17,10);
INSERT INTO est_present(numespece,nummois) VALUES (17,11);
INSERT INTO est_present(numespece,nummois) VALUES (17,12);
INSERT INTO est_present(numespece,nummois) VALUES (18,1);
INSERT INTO est_present(numespece,nummois) VALUES (18,5);
INSERT INTO est_present(numespece,nummois) VALUES (18,6);
INSERT INTO est_present(numespece,nummois) VALUES (18,7);
INSERT INTO est_present(numespece,nummois) VALUES (18,8);
INSERT INTO est_present(numespece,nummois) VALUES (19,3);
INSERT INTO est_present(numespece,nummois) VALUES (19,4);
INSERT INTO est_present(numespece,nummois) VALUES (19,5);
INSERT INTO est_present(numespece,nummois) VALUES (19,8);
INSERT INTO est_present(numespece,nummois) VALUES (19,9);
INSERT INTO est_present(numespece,nummois) VALUES (19,12);
INSERT INTO est_present(numespece,nummois) VALUES (20,2);
INSERT INTO est_present(numespece,nummois) VALUES (20,5);
INSERT INTO est_present(numespece,nummois) VALUES (20,7);
INSERT INTO est_present(numespece,nummois) VALUES (20,12);


INSERT INTO a_ete_vu(numreleve,numespece,nbOiseau,estimationoiseau) VALUES (1,3,3,NULL);
INSERT INTO a_ete_vu(numreleve,numespece,nbOiseau,estimationoiseau) VALUES (1,4,12,NULL);
INSERT INTO a_ete_vu(numreleve,numespece,nbOiseau,estimationoiseau) VALUES (1,5,16,NULL);
INSERT INTO a_ete_vu(numreleve,numespece,nbOiseau,estimationoiseau) VALUES (1,6,9,NULL);
INSERT INTO a_ete_vu(numreleve,numespece,nbOiseau,estimationoiseau) VALUES (1,9,12,NULL);
INSERT INTO a_ete_vu(numreleve,numespece,nbOiseau,estimationoiseau) VALUES (1,10,20,NULL);
INSERT INTO a_ete_vu(numreleve,numespece,nbOiseau,estimationoiseau) VALUES (1,11,17,NULL);
INSERT INTO a_ete_vu(numreleve,numespece,nbOiseau,estimationoiseau) VALUES (1,14,19,NULL);
INSERT INTO a_ete_vu(numreleve,numespece,nbOiseau,estimationoiseau) VALUES (1,15,9,NULL);
INSERT INTO a_ete_vu(numreleve,numespece,nbOiseau,estimationoiseau) VALUES (1,17,15,NULL);
INSERT INTO a_ete_vu(numreleve,numespece,nbOiseau,estimationoiseau) VALUES (1,20,6,NULL);
INSERT INTO a_ete_vu(numreleve,numespece,nbOiseau,estimationoiseau) VALUES (2,2,9,NULL);
INSERT INTO a_ete_vu(numreleve,numespece,nbOiseau,estimationoiseau) VALUES (2,3,19,NULL);
INSERT INTO a_ete_vu(numreleve,numespece,nbOiseau,estimationoiseau) VALUES (2,4,12,NULL);
INSERT INTO a_ete_vu(numreleve,numespece,nbOiseau,estimationoiseau) VALUES (2,5,11,NULL);
INSERT INTO a_ete_vu(numreleve,numespece,nbOiseau,estimationoiseau) VALUES (2,7,NULL,'une vingtaine');
INSERT INTO a_ete_vu(numreleve,numespece,nbOiseau,estimationoiseau) VALUES (2,8,14,NULL);
INSERT INTO a_ete_vu(numreleve,numespece,nbOiseau,estimationoiseau) VALUES (2,9,20,NULL);
INSERT INTO a_ete_vu(numreleve,numespece,nbOiseau,estimationoiseau) VALUES (2,11,10,NULL);
INSERT INTO a_ete_vu(numreleve,numespece,nbOiseau,estimationoiseau) VALUES (2,12,11,NULL);
INSERT INTO a_ete_vu(numreleve,numespece,nbOiseau,estimationoiseau) VALUES (2,14,17,NULL);
INSERT INTO a_ete_vu(numreleve,numespece,nbOiseau,estimationoiseau) VALUES (2,15,9,NULL);
INSERT INTO a_ete_vu(numreleve,numespece,nbOiseau,estimationoiseau) VALUES (2,17,12,NULL);
INSERT INTO a_ete_vu(numreleve,numespece,nbOiseau,estimationoiseau) VALUES (2,19,11,NULL);
INSERT INTO a_ete_vu(numreleve,numespece,nbOiseau,estimationoiseau) VALUES (2,20,18,NULL);
INSERT INTO a_ete_vu(numreleve,numespece,nbOiseau,estimationoiseau) VALUES (3,1,11,NULL);
INSERT INTO a_ete_vu(numreleve,numespece,nbOiseau,estimationoiseau) VALUES (3,2,9,NULL);
INSERT INTO a_ete_vu(numreleve,numespece,nbOiseau,estimationoiseau) VALUES (3,3,12,NULL);
INSERT INTO a_ete_vu(numreleve,numespece,nbOiseau,estimationoiseau) VALUES (3,4,9,NULL);
INSERT INTO a_ete_vu(numreleve,numespece,nbOiseau,estimationoiseau) VALUES (3,5,9,NULL);
INSERT INTO a_ete_vu(numreleve,numespece,nbOiseau,estimationoiseau) VALUES (3,6,6,NULL);
INSERT INTO a_ete_vu(numreleve,numespece,nbOiseau,estimationoiseau) VALUES (3,7,7,NULL);
INSERT INTO a_ete_vu(numreleve,numespece,nbOiseau,estimationoiseau) VALUES (3,8,10,NULL);
INSERT INTO a_ete_vu(numreleve,numespece,nbOiseau,estimationoiseau) VALUES (3,9,4,NULL);
INSERT INTO a_ete_vu(numreleve,numespece,nbOiseau,estimationoiseau) VALUES (3,10,11,NULL);
INSERT INTO a_ete_vu(numreleve,numespece,nbOiseau,estimationoiseau) VALUES (3,11,8,NULL);
INSERT INTO a_ete_vu(numreleve,numespece,nbOiseau,estimationoiseau) VALUES (3,12,8,NULL);
INSERT INTO a_ete_vu(numreleve,numespece,nbOiseau,estimationoiseau) VALUES (3,13,2,NULL);
INSERT INTO a_ete_vu(numreleve,numespece,nbOiseau,estimationoiseau) VALUES (3,15,5,NULL);
INSERT INTO a_ete_vu(numreleve,numespece,nbOiseau,estimationoiseau) VALUES (3,16,9,NULL);
INSERT INTO a_ete_vu(numreleve,numespece,nbOiseau,estimationoiseau) VALUES (3,17,5,NULL);
INSERT INTO a_ete_vu(numreleve,numespece,nbOiseau,estimationoiseau) VALUES (3,18,3,NULL);
INSERT INTO a_ete_vu(numreleve,numespece,nbOiseau,estimationoiseau) VALUES (3,19,9,NULL);
INSERT INTO a_ete_vu(numreleve,numespece,nbOiseau,estimationoiseau) VALUES (3,20,11,NULL);
INSERT INTO a_ete_vu(numreleve,numespece,nbOiseau,estimationoiseau) VALUES (4,1,14,NULL);
INSERT INTO a_ete_vu(numreleve,numespece,nbOiseau,estimationoiseau) VALUES (4,2,10,NULL);
INSERT INTO a_ete_vu(numreleve,numespece,nbOiseau,estimationoiseau) VALUES (4,3,12,NULL);
INSERT INTO a_ete_vu(numreleve,numespece,nbOiseau,estimationoiseau) VALUES (4,4,17,NULL);
INSERT INTO a_ete_vu(numreleve,numespece,nbOiseau,estimationoiseau) VALUES (4,5,15,NULL);
INSERT INTO a_ete_vu(numreleve,numespece,nbOiseau,estimationoiseau) VALUES (4,7,15,NULL);
INSERT INTO a_ete_vu(numreleve,numespece,nbOiseau,estimationoiseau) VALUES (4,10,24,NULL);
INSERT INTO a_ete_vu(numreleve,numespece,nbOiseau,estimationoiseau) VALUES (4,12,11,NULL);
INSERT INTO a_ete_vu(numreleve,numespece,nbOiseau,estimationoiseau) VALUES (4,13,12,NULL);
INSERT INTO a_ete_vu(numreleve,numespece,nbOiseau,estimationoiseau) VALUES (4,15,17,NULL);
INSERT INTO a_ete_vu(numreleve,numespece,nbOiseau,estimationoiseau) VALUES (4,16,9,NULL);
INSERT INTO a_ete_vu(numreleve,numespece,nbOiseau,estimationoiseau) VALUES (4,17,10,NULL);
INSERT INTO a_ete_vu(numreleve,numespece,nbOiseau,estimationoiseau) VALUES (4,19,13,NULL);
INSERT INTO a_ete_vu(numreleve,numespece,nbOiseau,estimationoiseau) VALUES (4,20,8,NULL);
INSERT INTO a_ete_vu(numreleve,numespece,nbOiseau,estimationoiseau) VALUES (5,3,13,NULL);
INSERT INTO a_ete_vu(numreleve,numespece,nbOiseau,estimationoiseau) VALUES (5,4,25,NULL);
INSERT INTO a_ete_vu(numreleve,numespece,nbOiseau,estimationoiseau) VALUES (5,6,8,NULL);
INSERT INTO a_ete_vu(numreleve,numespece,nbOiseau,estimationoiseau) VALUES (5,9,NULL,'une quinzaine');
INSERT INTO a_ete_vu(numreleve,numespece,nbOiseau,estimationoiseau) VALUES (5,10,9,NULL);
INSERT INTO a_ete_vu(numreleve,numespece,nbOiseau,estimationoiseau) VALUES (5,11,10,NULL);
INSERT INTO a_ete_vu(numreleve,numespece,nbOiseau,estimationoiseau) VALUES (5,12,11,NULL);
INSERT INTO a_ete_vu(numreleve,numespece,nbOiseau,estimationoiseau) VALUES (5,13,15,NULL);
INSERT INTO a_ete_vu(numreleve,numespece,nbOiseau,estimationoiseau) VALUES (5,14,11,NULL);
INSERT INTO a_ete_vu(numreleve,numespece,nbOiseau,estimationoiseau) VALUES (5,15,7,NULL);
INSERT INTO a_ete_vu(numreleve,numespece,nbOiseau,estimationoiseau) VALUES (5,16,4,NULL);
INSERT INTO a_ete_vu(numreleve,numespece,nbOiseau,estimationoiseau) VALUES (5,17,11,NULL);
INSERT INTO a_ete_vu(numreleve,numespece,nbOiseau,estimationoiseau) VALUES (5,18,10,NULL);
INSERT INTO a_ete_vu(numreleve,numespece,nbOiseau,estimationoiseau) VALUES (6,3,30,NULL);
INSERT INTO a_ete_vu(numreleve,numespece,nbOiseau,estimationoiseau) VALUES (6,5,21,NULL);
INSERT INTO a_ete_vu(numreleve,numespece,nbOiseau,estimationoiseau) VALUES (6,6,21,NULL);
INSERT INTO a_ete_vu(numreleve,numespece,nbOiseau,estimationoiseau) VALUES (6,7,7,NULL);
INSERT INTO a_ete_vu(numreleve,numespece,nbOiseau,estimationoiseau) VALUES (6,8,22,NULL);
INSERT INTO a_ete_vu(numreleve,numespece,nbOiseau,estimationoiseau) VALUES (6,9,17,NULL);
INSERT INTO a_ete_vu(numreleve,numespece,nbOiseau,estimationoiseau) VALUES (6,11,18,NULL);
INSERT INTO a_ete_vu(numreleve,numespece,nbOiseau,estimationoiseau) VALUES (6,12,9,NULL);
INSERT INTO a_ete_vu(numreleve,numespece,nbOiseau,estimationoiseau) VALUES (6,17,30,NULL);
INSERT INTO a_ete_vu(numreleve,numespece,nbOiseau,estimationoiseau) VALUES (6,19,20,NULL);
INSERT INTO a_ete_vu(numreleve,numespece,nbOiseau,estimationoiseau) VALUES (6,20,27,NULL);
INSERT INTO a_ete_vu(numreleve,numespece,nbOiseau,estimationoiseau) VALUES (7,1,5,NULL);
INSERT INTO a_ete_vu(numreleve,numespece,nbOiseau,estimationoiseau) VALUES (7,3,1,NULL);
INSERT INTO a_ete_vu(numreleve,numespece,nbOiseau,estimationoiseau) VALUES (7,4,16,NULL);
INSERT INTO a_ete_vu(numreleve,numespece,nbOiseau,estimationoiseau) VALUES (7,5,19,NULL);
INSERT INTO a_ete_vu(numreleve,numespece,nbOiseau,estimationoiseau) VALUES (7,7,12,NULL);
INSERT INTO a_ete_vu(numreleve,numespece,nbOiseau,estimationoiseau) VALUES (7,8,10,NULL);
INSERT INTO a_ete_vu(numreleve,numespece,nbOiseau,estimationoiseau) VALUES (7,9,14,NULL);
INSERT INTO a_ete_vu(numreleve,numespece,nbOiseau,estimationoiseau) VALUES (7,10,13,NULL);
INSERT INTO a_ete_vu(numreleve,numespece,nbOiseau,estimationoiseau) VALUES (7,11,6,NULL);
INSERT INTO a_ete_vu(numreleve,numespece,nbOiseau,estimationoiseau) VALUES (7,12,9,NULL);
INSERT INTO a_ete_vu(numreleve,numespece,nbOiseau,estimationoiseau) VALUES (7,13,16,NULL);
INSERT INTO a_ete_vu(numreleve,numespece,nbOiseau,estimationoiseau) VALUES (7,15,14,NULL);
INSERT INTO a_ete_vu(numreleve,numespece,nbOiseau,estimationoiseau) VALUES (7,16,25,NULL);
INSERT INTO a_ete_vu(numreleve,numespece,nbOiseau,estimationoiseau) VALUES (7,17,15,NULL);
INSERT INTO a_ete_vu(numreleve,numespece,nbOiseau,estimationoiseau) VALUES (7,18,12,NULL);
INSERT INTO a_ete_vu(numreleve,numespece,nbOiseau,estimationoiseau) VALUES (8,1,5,NULL);
INSERT INTO a_ete_vu(numreleve,numespece,nbOiseau,estimationoiseau) VALUES (8,4,25,NULL);
INSERT INTO a_ete_vu(numreleve,numespece,nbOiseau,estimationoiseau) VALUES (8,5,16,NULL);
INSERT INTO a_ete_vu(numreleve,numespece,nbOiseau,estimationoiseau) VALUES (8,6,17,NULL);
INSERT INTO a_ete_vu(numreleve,numespece,nbOiseau,estimationoiseau) VALUES (8,7,11,NULL);
INSERT INTO a_ete_vu(numreleve,numespece,nbOiseau,estimationoiseau) VALUES (8,10,26,NULL);
INSERT INTO a_ete_vu(numreleve,numespece,nbOiseau,estimationoiseau) VALUES (8,11,11,NULL);
INSERT INTO a_ete_vu(numreleve,numespece,nbOiseau,estimationoiseau) VALUES (8,12,17,NULL);
INSERT INTO a_ete_vu(numreleve,numespece,nbOiseau,estimationoiseau) VALUES (8,13,10,NULL);
INSERT INTO a_ete_vu(numreleve,numespece,nbOiseau,estimationoiseau) VALUES (8,14,15,NULL);
INSERT INTO a_ete_vu(numreleve,numespece,nbOiseau,estimationoiseau) VALUES (8,16,14,NULL);
INSERT INTO a_ete_vu(numreleve,numespece,nbOiseau,estimationoiseau) VALUES (8,18,12,NULL);
INSERT INTO a_ete_vu(numreleve,numespece,nbOiseau,estimationoiseau) VALUES (8,19,22,NULL);
INSERT INTO a_ete_vu(numreleve,numespece,nbOiseau,estimationoiseau) VALUES (8,20,23,NULL);
INSERT INTO a_ete_vu(numreleve,numespece,nbOiseau,estimationoiseau) VALUES (9,1,13,NULL);
INSERT INTO a_ete_vu(numreleve,numespece,nbOiseau,estimationoiseau) VALUES (9,2,15,NULL);
INSERT INTO a_ete_vu(numreleve,numespece,nbOiseau,estimationoiseau) VALUES (9,4,5,NULL);
INSERT INTO a_ete_vu(numreleve,numespece,nbOiseau,estimationoiseau) VALUES (9,5,19,NULL);
INSERT INTO a_ete_vu(numreleve,numespece,nbOiseau,estimationoiseau) VALUES (9,7,17,NULL);
INSERT INTO a_ete_vu(numreleve,numespece,nbOiseau,estimationoiseau) VALUES (9,8,13,NULL);
INSERT INTO a_ete_vu(numreleve,numespece,nbOiseau,estimationoiseau) VALUES (9,10,11,NULL);
INSERT INTO a_ete_vu(numreleve,numespece,nbOiseau,estimationoiseau) VALUES (9,14,24,NULL);
INSERT INTO a_ete_vu(numreleve,numespece,nbOiseau,estimationoiseau) VALUES (9,16,28,NULL);
INSERT INTO a_ete_vu(numreleve,numespece,nbOiseau,estimationoiseau) VALUES (9,19,11,NULL);
INSERT INTO a_ete_vu(numreleve,numespece,nbOiseau,estimationoiseau) VALUES (10,1,9,NULL);
INSERT INTO a_ete_vu(numreleve,numespece,nbOiseau,estimationoiseau) VALUES (10,2,NULL,'une douzaine');
INSERT INTO a_ete_vu(numreleve,numespece,nbOiseau,estimationoiseau) VALUES (10,5,11,NULL);
INSERT INTO a_ete_vu(numreleve,numespece,nbOiseau,estimationoiseau) VALUES (10,6,5,NULL);
INSERT INTO a_ete_vu(numreleve,numespece,nbOiseau,estimationoiseau) VALUES (10,8,9,NULL);
INSERT INTO a_ete_vu(numreleve,numespece,nbOiseau,estimationoiseau) VALUES (10,9,5,NULL);
INSERT INTO a_ete_vu(numreleve,numespece,nbOiseau,estimationoiseau) VALUES (10,11,3,NULL);
INSERT INTO a_ete_vu(numreleve,numespece,nbOiseau,estimationoiseau) VALUES (10,12,4,NULL);
INSERT INTO a_ete_vu(numreleve,numespece,nbOiseau,estimationoiseau) VALUES (10,13,6,NULL);
INSERT INTO a_ete_vu(numreleve,numespece,nbOiseau,estimationoiseau) VALUES (10,14,8,NULL);
INSERT INTO a_ete_vu(numreleve,numespece,nbOiseau,estimationoiseau) VALUES (10,17,12,NULL);
INSERT INTO a_ete_vu(numreleve,numespece,nbOiseau,estimationoiseau) VALUES (10,20,10,NULL);
INSERT INTO a_ete_vu(numreleve,numespece,nbOiseau,estimationoiseau) VALUES (11,1,16,NULL);
INSERT INTO a_ete_vu(numreleve,numespece,nbOiseau,estimationoiseau) VALUES (11,2,17,NULL);
INSERT INTO a_ete_vu(numreleve,numespece,nbOiseau,estimationoiseau) VALUES (11,3,6,NULL);
INSERT INTO a_ete_vu(numreleve,numespece,nbOiseau,estimationoiseau) VALUES (11,4,16,NULL);
INSERT INTO a_ete_vu(numreleve,numespece,nbOiseau,estimationoiseau) VALUES (11,5,14,NULL);
INSERT INTO a_ete_vu(numreleve,numespece,nbOiseau,estimationoiseau) VALUES (11,6,4,NULL);
INSERT INTO a_ete_vu(numreleve,numespece,nbOiseau,estimationoiseau) VALUES (11,7,12,NULL);
INSERT INTO a_ete_vu(numreleve,numespece,nbOiseau,estimationoiseau) VALUES (11,8,7,NULL);
INSERT INTO a_ete_vu(numreleve,numespece,nbOiseau,estimationoiseau) VALUES (11,9,12,NULL);
INSERT INTO a_ete_vu(numreleve,numespece,nbOiseau,estimationoiseau) VALUES (11,10,10,NULL);
INSERT INTO a_ete_vu(numreleve,numespece,nbOiseau,estimationoiseau) VALUES (11,11,8,NULL);
INSERT INTO a_ete_vu(numreleve,numespece,nbOiseau,estimationoiseau) VALUES (11,12,18,NULL);
INSERT INTO a_ete_vu(numreleve,numespece,nbOiseau,estimationoiseau) VALUES (11,13,16,NULL);
INSERT INTO a_ete_vu(numreleve,numespece,nbOiseau,estimationoiseau) VALUES (11,16,10,NULL);
INSERT INTO a_ete_vu(numreleve,numespece,nbOiseau,estimationoiseau) VALUES (11,17,12,NULL);
INSERT INTO a_ete_vu(numreleve,numespece,nbOiseau,estimationoiseau) VALUES (11,18,11,NULL);
INSERT INTO a_ete_vu(numreleve,numespece,nbOiseau,estimationoiseau) VALUES (11,19,8,NULL);
INSERT INTO a_ete_vu(numreleve,numespece,nbOiseau,estimationoiseau) VALUES (11,20,12,NULL);
INSERT INTO a_ete_vu(numreleve,numespece,nbOiseau,estimationoiseau) VALUES (12,1,3,NULL);
INSERT INTO a_ete_vu(numreleve,numespece,nbOiseau,estimationoiseau) VALUES (12,2,4,NULL);
INSERT INTO a_ete_vu(numreleve,numespece,nbOiseau,estimationoiseau) VALUES (12,3,3,NULL);
INSERT INTO a_ete_vu(numreleve,numespece,nbOiseau,estimationoiseau) VALUES (12,5,2,NULL);
INSERT INTO a_ete_vu(numreleve,numespece,nbOiseau,estimationoiseau) VALUES (12,6,4,NULL);
INSERT INTO a_ete_vu(numreleve,numespece,nbOiseau,estimationoiseau) VALUES (12,8,4,NULL);
INSERT INTO a_ete_vu(numreleve,numespece,nbOiseau,estimationoiseau) VALUES (12,9,4,NULL);
INSERT INTO a_ete_vu(numreleve,numespece,nbOiseau,estimationoiseau) VALUES (12,14,2,NULL);
INSERT INTO a_ete_vu(numreleve,numespece,nbOiseau,estimationoiseau) VALUES (12,17,2,NULL);
INSERT INTO a_ete_vu(numreleve,numespece,nbOiseau,estimationoiseau) VALUES (12,19,3,NULL);
INSERT INTO a_ete_vu(numreleve,numespece,nbOiseau,estimationoiseau) VALUES (13,3,16,NULL);
INSERT INTO a_ete_vu(numreleve,numespece,nbOiseau,estimationoiseau) VALUES (13,4,14,NULL);
INSERT INTO a_ete_vu(numreleve,numespece,nbOiseau,estimationoiseau) VALUES (13,6,4,NULL);
INSERT INTO a_ete_vu(numreleve,numespece,nbOiseau,estimationoiseau) VALUES (13,7,9,NULL);
INSERT INTO a_ete_vu(numreleve,numespece,nbOiseau,estimationoiseau) VALUES (13,8,11,NULL);
INSERT INTO a_ete_vu(numreleve,numespece,nbOiseau,estimationoiseau) VALUES (13,9,16,NULL);
INSERT INTO a_ete_vu(numreleve,numespece,nbOiseau,estimationoiseau) VALUES (13,10,15,NULL);
INSERT INTO a_ete_vu(numreleve,numespece,nbOiseau,estimationoiseau) VALUES (13,11,10,NULL);
INSERT INTO a_ete_vu(numreleve,numespece,nbOiseau,estimationoiseau) VALUES (13,16,9,NULL);
INSERT INTO a_ete_vu(numreleve,numespece,nbOiseau,estimationoiseau) VALUES (13,18,23,NULL);
INSERT INTO a_ete_vu(numreleve,numespece,nbOiseau,estimationoiseau) VALUES (14,2,19,NULL);
INSERT INTO a_ete_vu(numreleve,numespece,nbOiseau,estimationoiseau) VALUES (14,4,13,NULL);
INSERT INTO a_ete_vu(numreleve,numespece,nbOiseau,estimationoiseau) VALUES (14,7,8,NULL);
INSERT INTO a_ete_vu(numreleve,numespece,nbOiseau,estimationoiseau) VALUES (14,8,14,NULL);
INSERT INTO a_ete_vu(numreleve,numespece,nbOiseau,estimationoiseau) VALUES (14,11,16,NULL);
INSERT INTO a_ete_vu(numreleve,numespece,nbOiseau,estimationoiseau) VALUES (14,12,2,NULL);
INSERT INTO a_ete_vu(numreleve,numespece,nbOiseau,estimationoiseau) VALUES (14,16,6,NULL);
INSERT INTO a_ete_vu(numreleve,numespece,nbOiseau,estimationoiseau) VALUES (14,19,12,NULL);
INSERT INTO a_ete_vu(numreleve,numespece,nbOiseau,estimationoiseau) VALUES (15,1,24,NULL);
INSERT INTO a_ete_vu(numreleve,numespece,nbOiseau,estimationoiseau) VALUES (15,3,12,NULL);
INSERT INTO a_ete_vu(numreleve,numespece,nbOiseau,estimationoiseau) VALUES (15,4,3,NULL);
INSERT INTO a_ete_vu(numreleve,numespece,nbOiseau,estimationoiseau) VALUES (15,6,2,NULL);
INSERT INTO a_ete_vu(numreleve,numespece,nbOiseau,estimationoiseau) VALUES (15,7,11,NULL);
INSERT INTO a_ete_vu(numreleve,numespece,nbOiseau,estimationoiseau) VALUES (15,8,5,NULL);
INSERT INTO a_ete_vu(numreleve,numespece,nbOiseau,estimationoiseau) VALUES (15,9,9,NULL);
INSERT INTO a_ete_vu(numreleve,numespece,nbOiseau,estimationoiseau) VALUES (15,10,6,NULL);
INSERT INTO a_ete_vu(numreleve,numespece,nbOiseau,estimationoiseau) VALUES (15,11,13,NULL);
INSERT INTO a_ete_vu(numreleve,numespece,nbOiseau,estimationoiseau) VALUES (15,12,16,NULL);
INSERT INTO a_ete_vu(numreleve,numespece,nbOiseau,estimationoiseau) VALUES (15,15,2,NULL);
INSERT INTO a_ete_vu(numreleve,numespece,nbOiseau,estimationoiseau) VALUES (15,17,11,NULL);
INSERT INTO a_ete_vu(numreleve,numespece,nbOiseau,estimationoiseau) VALUES (15,18,7,NULL);
INSERT INTO a_ete_vu(numreleve,numespece,nbOiseau,estimationoiseau) VALUES (15,19,20,NULL);
INSERT INTO a_ete_vu(numreleve,numespece,nbOiseau,estimationoiseau) VALUES (15,20,14,NULL);
INSERT INTO a_ete_vu(numreleve,numespece,nbOiseau,estimationoiseau) VALUES (16,3,15,NULL);
INSERT INTO a_ete_vu(numreleve,numespece,nbOiseau,estimationoiseau) VALUES (16,5,8,NULL);
INSERT INTO a_ete_vu(numreleve,numespece,nbOiseau,estimationoiseau) VALUES (16,7,11,NULL);
INSERT INTO a_ete_vu(numreleve,numespece,nbOiseau,estimationoiseau) VALUES (16,8,17,NULL);
INSERT INTO a_ete_vu(numreleve,numespece,nbOiseau,estimationoiseau) VALUES (16,10,6,NULL);
INSERT INTO a_ete_vu(numreleve,numespece,nbOiseau,estimationoiseau) VALUES (16,11,10,NULL);
INSERT INTO a_ete_vu(numreleve,numespece,nbOiseau,estimationoiseau) VALUES (16,14,5,NULL);
INSERT INTO a_ete_vu(numreleve,numespece,nbOiseau,estimationoiseau) VALUES (16,15,8,NULL);
INSERT INTO a_ete_vu(numreleve,numespece,nbOiseau,estimationoiseau) VALUES (16,16,11,NULL);
INSERT INTO a_ete_vu(numreleve,numespece,nbOiseau,estimationoiseau) VALUES (16,17,18,NULL);
INSERT INTO a_ete_vu(numreleve,numespece,nbOiseau,estimationoiseau) VALUES (16,18,21,NULL);
INSERT INTO a_ete_vu(numreleve,numespece,nbOiseau,estimationoiseau) VALUES (16,19,18,NULL);
INSERT INTO a_ete_vu(numreleve,numespece,nbOiseau,estimationoiseau) VALUES (16,20,21,NULL);
INSERT INTO a_ete_vu(numreleve,numespece,nbOiseau,estimationoiseau) VALUES (17,1,NULL,'une vingtaine');
INSERT INTO a_ete_vu(numreleve,numespece,nbOiseau,estimationoiseau) VALUES (17,3,20,NULL);
INSERT INTO a_ete_vu(numreleve,numespece,nbOiseau,estimationoiseau) VALUES (17,4,21,NULL);
INSERT INTO a_ete_vu(numreleve,numespece,nbOiseau,estimationoiseau) VALUES (17,5,13,NULL);
INSERT INTO a_ete_vu(numreleve,numespece,nbOiseau,estimationoiseau) VALUES (17,6,14,NULL);
INSERT INTO a_ete_vu(numreleve,numespece,nbOiseau,estimationoiseau) VALUES (17,10,17,NULL);
INSERT INTO a_ete_vu(numreleve,numespece,nbOiseau,estimationoiseau) VALUES (17,11,17,NULL);
INSERT INTO a_ete_vu(numreleve,numespece,nbOiseau,estimationoiseau) VALUES (17,12,9,NULL);
INSERT INTO a_ete_vu(numreleve,numespece,nbOiseau,estimationoiseau) VALUES (17,13,13,NULL);
INSERT INTO a_ete_vu(numreleve,numespece,nbOiseau,estimationoiseau) VALUES (17,14,8,NULL);
INSERT INTO a_ete_vu(numreleve,numespece,nbOiseau,estimationoiseau) VALUES (17,17,10,NULL);
INSERT INTO a_ete_vu(numreleve,numespece,nbOiseau,estimationoiseau) VALUES (17,18,14,NULL);
INSERT INTO a_ete_vu(numreleve,numespece,nbOiseau,estimationoiseau) VALUES (17,19,11,NULL);
INSERT INTO a_ete_vu(numreleve,numespece,nbOiseau,estimationoiseau) VALUES (17,20,19,NULL);
INSERT INTO a_ete_vu(numreleve,numespece,nbOiseau,estimationoiseau) VALUES (18,2,16,NULL);
INSERT INTO a_ete_vu(numreleve,numespece,nbOiseau,estimationoiseau) VALUES (18,3,1,NULL);
INSERT INTO a_ete_vu(numreleve,numespece,nbOiseau,estimationoiseau) VALUES (18,5,12,NULL);
INSERT INTO a_ete_vu(numreleve,numespece,nbOiseau,estimationoiseau) VALUES (18,6,13,NULL);
INSERT INTO a_ete_vu(numreleve,numespece,nbOiseau,estimationoiseau) VALUES (18,7,14,NULL);
INSERT INTO a_ete_vu(numreleve,numespece,nbOiseau,estimationoiseau) VALUES (18,9,13,NULL);
INSERT INTO a_ete_vu(numreleve,numespece,nbOiseau,estimationoiseau) VALUES (18,11,10,NULL);
INSERT INTO a_ete_vu(numreleve,numespece,nbOiseau,estimationoiseau) VALUES (18,12,13,NULL);
INSERT INTO a_ete_vu(numreleve,numespece,nbOiseau,estimationoiseau) VALUES (18,13,13,NULL);
INSERT INTO a_ete_vu(numreleve,numespece,nbOiseau,estimationoiseau) VALUES (18,14,9,NULL);
INSERT INTO a_ete_vu(numreleve,numespece,nbOiseau,estimationoiseau) VALUES (18,15,9,NULL);
INSERT INTO a_ete_vu(numreleve,numespece,nbOiseau,estimationoiseau) VALUES (18,17,14,NULL);
INSERT INTO a_ete_vu(numreleve,numespece,nbOiseau,estimationoiseau) VALUES (18,19,17,NULL);
INSERT INTO a_ete_vu(numreleve,numespece,nbOiseau,estimationoiseau) VALUES (18,20,20,NULL);
INSERT INTO a_ete_vu(numreleve,numespece,nbOiseau,estimationoiseau) VALUES (19,1,7,NULL);
INSERT INTO a_ete_vu(numreleve,numespece,nbOiseau,estimationoiseau) VALUES (19,4,10,NULL);
INSERT INTO a_ete_vu(numreleve,numespece,nbOiseau,estimationoiseau) VALUES (19,5,7,NULL);
INSERT INTO a_ete_vu(numreleve,numespece,nbOiseau,estimationoiseau) VALUES (19,6,7,NULL);
INSERT INTO a_ete_vu(numreleve,numespece,nbOiseau,estimationoiseau) VALUES (19,7,18,NULL);
INSERT INTO a_ete_vu(numreleve,numespece,nbOiseau,estimationoiseau) VALUES (19,8,4,NULL);
INSERT INTO a_ete_vu(numreleve,numespece,nbOiseau,estimationoiseau) VALUES (19,11,3,NULL);
INSERT INTO a_ete_vu(numreleve,numespece,nbOiseau,estimationoiseau) VALUES (19,12,7,NULL);
INSERT INTO a_ete_vu(numreleve,numespece,nbOiseau,estimationoiseau) VALUES (19,13,9,NULL);
INSERT INTO a_ete_vu(numreleve,numespece,nbOiseau,estimationoiseau) VALUES (19,15,6,NULL);
INSERT INTO a_ete_vu(numreleve,numespece,nbOiseau,estimationoiseau) VALUES (19,16,6,NULL);
INSERT INTO a_ete_vu(numreleve,numespece,nbOiseau,estimationoiseau) VALUES (19,19,6,NULL);
INSERT INTO a_ete_vu(numreleve,numespece,nbOiseau,estimationoiseau) VALUES (19,20,9,NULL);
INSERT INTO a_ete_vu(numreleve,numespece,nbOiseau,estimationoiseau) VALUES (20,2,7,NULL);
INSERT INTO a_ete_vu(numreleve,numespece,nbOiseau,estimationoiseau) VALUES (20,3,7,NULL);
INSERT INTO a_ete_vu(numreleve,numespece,nbOiseau,estimationoiseau) VALUES (20,4,8,NULL);
INSERT INTO a_ete_vu(numreleve,numespece,nbOiseau,estimationoiseau) VALUES (20,5,12,NULL);
INSERT INTO a_ete_vu(numreleve,numespece,nbOiseau,estimationoiseau) VALUES (20,6,9,NULL);
INSERT INTO a_ete_vu(numreleve,numespece,nbOiseau,estimationoiseau) VALUES (20,8,10,NULL);
INSERT INTO a_ete_vu(numreleve,numespece,nbOiseau,estimationoiseau) VALUES (20,9,21,NULL);
INSERT INTO a_ete_vu(numreleve,numespece,nbOiseau,estimationoiseau) VALUES (20,11,16,NULL);
INSERT INTO a_ete_vu(numreleve,numespece,nbOiseau,estimationoiseau) VALUES (20,12,8,NULL);
INSERT INTO a_ete_vu(numreleve,numespece,nbOiseau,estimationoiseau) VALUES (20,13,10,NULL);
INSERT INTO a_ete_vu(numreleve,numespece,nbOiseau,estimationoiseau) VALUES (20,14,10,NULL);
INSERT INTO a_ete_vu(numreleve,numespece,nbOiseau,estimationoiseau) VALUES (20,17,9,NULL);
INSERT INTO a_ete_vu(numreleve,numespece,nbOiseau,estimationoiseau) VALUES (20,18,8,NULL);
INSERT INTO a_ete_vu(numreleve,numespece,nbOiseau,estimationoiseau) VALUES (20,19,12,NULL);
INSERT INTO a_ete_vu(numreleve,numespece,nbOiseau,estimationoiseau) VALUES (20,20,7,NULL);
INSERT INTO a_ete_vu(numreleve,numespece,nbOiseau,estimationoiseau) VALUES (21,2,9,NULL);
INSERT INTO a_ete_vu(numreleve,numespece,nbOiseau,estimationoiseau) VALUES (21,3,1,NULL);
INSERT INTO a_ete_vu(numreleve,numespece,nbOiseau,estimationoiseau) VALUES (21,5,13,NULL);
INSERT INTO a_ete_vu(numreleve,numespece,nbOiseau,estimationoiseau) VALUES (21,8,2,NULL);
INSERT INTO a_ete_vu(numreleve,numespece,nbOiseau,estimationoiseau) VALUES (21,10,2,NULL);
INSERT INTO a_ete_vu(numreleve,numespece,nbOiseau,estimationoiseau) VALUES (21,14,2,NULL);
INSERT INTO a_ete_vu(numreleve,numespece,nbOiseau,estimationoiseau) VALUES (21,15,2,NULL);
INSERT INTO a_ete_vu(numreleve,numespece,nbOiseau,estimationoiseau) VALUES (21,16,2,NULL);
INSERT INTO a_ete_vu(numreleve,numespece,nbOiseau,estimationoiseau) VALUES (21,17,2,NULL);
INSERT INTO a_ete_vu(numreleve,numespece,nbOiseau,estimationoiseau) VALUES (21,20,3,NULL);
INSERT INTO a_ete_vu(numreleve,numespece,nbOiseau,estimationoiseau) VALUES (22,1,21,NULL);
INSERT INTO a_ete_vu(numreleve,numespece,nbOiseau,estimationoiseau) VALUES (22,2,12,NULL);
INSERT INTO a_ete_vu(numreleve,numespece,nbOiseau,estimationoiseau) VALUES (22,4,13,NULL);
INSERT INTO a_ete_vu(numreleve,numespece,nbOiseau,estimationoiseau) VALUES (22,5,18,NULL);
INSERT INTO a_ete_vu(numreleve,numespece,nbOiseau,estimationoiseau) VALUES (22,7,12,NULL);
INSERT INTO a_ete_vu(numreleve,numespece,nbOiseau,estimationoiseau) VALUES (22,8,NULL,'une dizaine');
INSERT INTO a_ete_vu(numreleve,numespece,nbOiseau,estimationoiseau) VALUES (22,9,15,NULL);
INSERT INTO a_ete_vu(numreleve,numespece,nbOiseau,estimationoiseau) VALUES (22,10,16,NULL);
INSERT INTO a_ete_vu(numreleve,numespece,nbOiseau,estimationoiseau) VALUES (22,11,8,NULL);
INSERT INTO a_ete_vu(numreleve,numespece,nbOiseau,estimationoiseau) VALUES (22,12,13,NULL);
INSERT INTO a_ete_vu(numreleve,numespece,nbOiseau,estimationoiseau) VALUES (22,13,15,NULL);
INSERT INTO a_ete_vu(numreleve,numespece,nbOiseau,estimationoiseau) VALUES (22,14,11,NULL);
INSERT INTO a_ete_vu(numreleve,numespece,nbOiseau,estimationoiseau) VALUES (22,15,13,NULL);
INSERT INTO a_ete_vu(numreleve,numespece,nbOiseau,estimationoiseau) VALUES (22,16,12,NULL);
INSERT INTO a_ete_vu(numreleve,numespece,nbOiseau,estimationoiseau) VALUES (22,17,15,NULL);
INSERT INTO a_ete_vu(numreleve,numespece,nbOiseau,estimationoiseau) VALUES (22,18,5,NULL);
INSERT INTO a_ete_vu(numreleve,numespece,nbOiseau,estimationoiseau) VALUES (23,1,10,NULL);
INSERT INTO a_ete_vu(numreleve,numespece,nbOiseau,estimationoiseau) VALUES (23,4,9,NULL);
INSERT INTO a_ete_vu(numreleve,numespece,nbOiseau,estimationoiseau) VALUES (23,5,10,NULL);
INSERT INTO a_ete_vu(numreleve,numespece,nbOiseau,estimationoiseau) VALUES (23,6,10,NULL);
INSERT INTO a_ete_vu(numreleve,numespece,nbOiseau,estimationoiseau) VALUES (23,7,13,NULL);
INSERT INTO a_ete_vu(numreleve,numespece,nbOiseau,estimationoiseau) VALUES (23,8,9,NULL);
INSERT INTO a_ete_vu(numreleve,numespece,nbOiseau,estimationoiseau) VALUES (23,9,22,NULL);
INSERT INTO a_ete_vu(numreleve,numespece,nbOiseau,estimationoiseau) VALUES (23,10,12,NULL);
INSERT INTO a_ete_vu(numreleve,numespece,nbOiseau,estimationoiseau) VALUES (23,11,15,NULL);
INSERT INTO a_ete_vu(numreleve,numespece,nbOiseau,estimationoiseau) VALUES (23,14,16,NULL);
INSERT INTO a_ete_vu(numreleve,numespece,nbOiseau,estimationoiseau) VALUES (23,15,20,NULL);
INSERT INTO a_ete_vu(numreleve,numespece,nbOiseau,estimationoiseau) VALUES (23,16,15,NULL);
INSERT INTO a_ete_vu(numreleve,numespece,nbOiseau,estimationoiseau) VALUES (23,17,10,NULL);
INSERT INTO a_ete_vu(numreleve,numespece,nbOiseau,estimationoiseau) VALUES (23,18,11,NULL);
INSERT INTO a_ete_vu(numreleve,numespece,nbOiseau,estimationoiseau) VALUES (24,1,5,NULL);
INSERT INTO a_ete_vu(numreleve,numespece,nbOiseau,estimationoiseau) VALUES (24,5,6,NULL);
INSERT INTO a_ete_vu(numreleve,numespece,nbOiseau,estimationoiseau) VALUES (24,9,6,NULL);
INSERT INTO a_ete_vu(numreleve,numespece,nbOiseau,estimationoiseau) VALUES (24,10,10,NULL);
INSERT INTO a_ete_vu(numreleve,numespece,nbOiseau,estimationoiseau) VALUES (24,11,4,NULL);
INSERT INTO a_ete_vu(numreleve,numespece,nbOiseau,estimationoiseau) VALUES (24,12,8,NULL);
INSERT INTO a_ete_vu(numreleve,numespece,nbOiseau,estimationoiseau) VALUES (24,13,6,NULL);
INSERT INTO a_ete_vu(numreleve,numespece,nbOiseau,estimationoiseau) VALUES (24,14,9,NULL);
INSERT INTO a_ete_vu(numreleve,numespece,nbOiseau,estimationoiseau) VALUES (24,15,4,NULL);
INSERT INTO a_ete_vu(numreleve,numespece,nbOiseau,estimationoiseau) VALUES (24,16,8,NULL);
INSERT INTO a_ete_vu(numreleve,numespece,nbOiseau,estimationoiseau) VALUES (25,2,6,NULL);
INSERT INTO a_ete_vu(numreleve,numespece,nbOiseau,estimationoiseau) VALUES (25,3,2,NULL);
INSERT INTO a_ete_vu(numreleve,numespece,nbOiseau,estimationoiseau) VALUES (25,5,5,NULL);
INSERT INTO a_ete_vu(numreleve,numespece,nbOiseau,estimationoiseau) VALUES (25,6,5,NULL);
INSERT INTO a_ete_vu(numreleve,numespece,nbOiseau,estimationoiseau) VALUES (25,8,4,NULL);
INSERT INTO a_ete_vu(numreleve,numespece,nbOiseau,estimationoiseau) VALUES (25,14,10,NULL);
INSERT INTO a_ete_vu(numreleve,numespece,nbOiseau,estimationoiseau) VALUES (25,18,7,NULL);
INSERT INTO a_ete_vu(numreleve,numespece,nbOiseau,estimationoiseau) VALUES (25,19,8,NULL);
INSERT INTO a_ete_vu(numreleve,numespece,nbOiseau,estimationoiseau) VALUES (26,3,2,NULL);
INSERT INTO a_ete_vu(numreleve,numespece,nbOiseau,estimationoiseau) VALUES (26,4,2,NULL);
INSERT INTO a_ete_vu(numreleve,numespece,nbOiseau,estimationoiseau) VALUES (26,5,3,NULL);
INSERT INTO a_ete_vu(numreleve,numespece,nbOiseau,estimationoiseau) VALUES (26,6,1,NULL);
INSERT INTO a_ete_vu(numreleve,numespece,nbOiseau,estimationoiseau) VALUES (26,10,2,NULL);
INSERT INTO a_ete_vu(numreleve,numespece,nbOiseau,estimationoiseau) VALUES (26,11,4,NULL);
INSERT INTO a_ete_vu(numreleve,numespece,nbOiseau,estimationoiseau) VALUES (26,13,2,NULL);
INSERT INTO a_ete_vu(numreleve,numespece,nbOiseau,estimationoiseau) VALUES (26,16,2,NULL);
INSERT INTO a_ete_vu(numreleve,numespece,nbOiseau,estimationoiseau) VALUES (26,17,3,NULL);
INSERT INTO a_ete_vu(numreleve,numespece,nbOiseau,estimationoiseau) VALUES (26,20,2,NULL);
INSERT INTO a_ete_vu(numreleve,numespece,nbOiseau,estimationoiseau) VALUES (27,1,6,NULL);
INSERT INTO a_ete_vu(numreleve,numespece,nbOiseau,estimationoiseau) VALUES (27,2,9,NULL);
INSERT INTO a_ete_vu(numreleve,numespece,nbOiseau,estimationoiseau) VALUES (27,3,16,NULL);
INSERT INTO a_ete_vu(numreleve,numespece,nbOiseau,estimationoiseau) VALUES (27,4,6,NULL);
INSERT INTO a_ete_vu(numreleve,numespece,nbOiseau,estimationoiseau) VALUES (27,5,15,NULL);
INSERT INTO a_ete_vu(numreleve,numespece,nbOiseau,estimationoiseau) VALUES (27,6,13,NULL);
INSERT INTO a_ete_vu(numreleve,numespece,nbOiseau,estimationoiseau) VALUES (27,7,12,NULL);
INSERT INTO a_ete_vu(numreleve,numespece,nbOiseau,estimationoiseau) VALUES (27,8,15,NULL);
INSERT INTO a_ete_vu(numreleve,numespece,nbOiseau,estimationoiseau) VALUES (27,9,8,NULL);
INSERT INTO a_ete_vu(numreleve,numespece,nbOiseau,estimationoiseau) VALUES (27,10,13,NULL);
INSERT INTO a_ete_vu(numreleve,numespece,nbOiseau,estimationoiseau) VALUES (27,11,10,NULL);
INSERT INTO a_ete_vu(numreleve,numespece,nbOiseau,estimationoiseau) VALUES (27,12,11,NULL);
INSERT INTO a_ete_vu(numreleve,numespece,nbOiseau,estimationoiseau) VALUES (27,13,12,NULL);
INSERT INTO a_ete_vu(numreleve,numespece,nbOiseau,estimationoiseau) VALUES (27,15,13,NULL);
INSERT INTO a_ete_vu(numreleve,numespece,nbOiseau,estimationoiseau) VALUES (27,16,7,NULL);
INSERT INTO a_ete_vu(numreleve,numespece,nbOiseau,estimationoiseau) VALUES (27,18,13,NULL);
INSERT INTO a_ete_vu(numreleve,numespece,nbOiseau,estimationoiseau) VALUES (27,20,17,NULL);
INSERT INTO a_ete_vu(numreleve,numespece,nbOiseau,estimationoiseau) VALUES (28,1,9,NULL);
INSERT INTO a_ete_vu(numreleve,numespece,nbOiseau,estimationoiseau) VALUES (28,2,22,NULL);
INSERT INTO a_ete_vu(numreleve,numespece,nbOiseau,estimationoiseau) VALUES (28,3,24,NULL);
INSERT INTO a_ete_vu(numreleve,numespece,nbOiseau,estimationoiseau) VALUES (28,4,19,NULL);
INSERT INTO a_ete_vu(numreleve,numespece,nbOiseau,estimationoiseau) VALUES (28,5,16,NULL);
INSERT INTO a_ete_vu(numreleve,numespece,nbOiseau,estimationoiseau) VALUES (28,6,20,NULL);
INSERT INTO a_ete_vu(numreleve,numespece,nbOiseau,estimationoiseau) VALUES (28,8,16,NULL);
INSERT INTO a_ete_vu(numreleve,numespece,nbOiseau,estimationoiseau) VALUES (28,10,13,NULL);
INSERT INTO a_ete_vu(numreleve,numespece,nbOiseau,estimationoiseau) VALUES (28,12,15,NULL);
INSERT INTO a_ete_vu(numreleve,numespece,nbOiseau,estimationoiseau) VALUES (28,13,17,NULL);
INSERT INTO a_ete_vu(numreleve,numespece,nbOiseau,estimationoiseau) VALUES (28,14,26,NULL);
INSERT INTO a_ete_vu(numreleve,numespece,nbOiseau,estimationoiseau) VALUES (28,18,9,NULL);
INSERT INTO a_ete_vu(numreleve,numespece,nbOiseau,estimationoiseau) VALUES (28,19,24,NULL);
INSERT INTO a_ete_vu(numreleve,numespece,nbOiseau,estimationoiseau) VALUES (28,20,22,NULL);
INSERT INTO a_ete_vu(numreleve,numespece,nbOiseau,estimationoiseau) VALUES (29,3,4,NULL);
INSERT INTO a_ete_vu(numreleve,numespece,nbOiseau,estimationoiseau) VALUES (29,4,6,NULL);
INSERT INTO a_ete_vu(numreleve,numespece,nbOiseau,estimationoiseau) VALUES (29,6,3,NULL);
INSERT INTO a_ete_vu(numreleve,numespece,nbOiseau,estimationoiseau) VALUES (29,7,4,NULL);
INSERT INTO a_ete_vu(numreleve,numespece,nbOiseau,estimationoiseau) VALUES (29,9,4,NULL);
INSERT INTO a_ete_vu(numreleve,numespece,nbOiseau,estimationoiseau) VALUES (29,10,3,NULL);
INSERT INTO a_ete_vu(numreleve,numespece,nbOiseau,estimationoiseau) VALUES (29,11,3,NULL);
INSERT INTO a_ete_vu(numreleve,numespece,nbOiseau,estimationoiseau) VALUES (29,12,2,NULL);
INSERT INTO a_ete_vu(numreleve,numespece,nbOiseau,estimationoiseau) VALUES (29,14,4,NULL);
INSERT INTO a_ete_vu(numreleve,numespece,nbOiseau,estimationoiseau) VALUES (29,15,4,NULL);
INSERT INTO a_ete_vu(numreleve,numespece,nbOiseau,estimationoiseau) VALUES (29,16,5,NULL);
INSERT INTO a_ete_vu(numreleve,numespece,nbOiseau,estimationoiseau) VALUES (29,20,2,NULL);
INSERT INTO a_ete_vu(numreleve,numespece,nbOiseau,estimationoiseau) VALUES (30,2,2,NULL);
INSERT INTO a_ete_vu(numreleve,numespece,nbOiseau,estimationoiseau) VALUES (30,4,4,NULL);
INSERT INTO a_ete_vu(numreleve,numespece,nbOiseau,estimationoiseau) VALUES (30,8,2,NULL);
INSERT INTO a_ete_vu(numreleve,numespece,nbOiseau,estimationoiseau) VALUES (30,9,3,NULL);
INSERT INTO a_ete_vu(numreleve,numespece,nbOiseau,estimationoiseau) VALUES (30,10,2,NULL);
INSERT INTO a_ete_vu(numreleve,numespece,nbOiseau,estimationoiseau) VALUES (30,11,2,NULL);
INSERT INTO a_ete_vu(numreleve,numespece,nbOiseau,estimationoiseau) VALUES (30,12,2,NULL);
INSERT INTO a_ete_vu(numreleve,numespece,nbOiseau,estimationoiseau) VALUES (30,16,2,NULL);
INSERT INTO a_ete_vu(numreleve,numespece,nbOiseau,estimationoiseau) VALUES (30,17,3,NULL);
INSERT INTO a_ete_vu(numreleve,numespece,nbOiseau,estimationoiseau) VALUES (30,18,2,NULL);
INSERT INTO a_ete_vu(numreleve,numespece,nbOiseau,estimationoiseau) VALUES (30,20,3,NULL);
INSERT INTO a_ete_vu(numreleve,numespece,nbOiseau,estimationoiseau) VALUES (31,1,7,NULL);
INSERT INTO a_ete_vu(numreleve,numespece,nbOiseau,estimationoiseau) VALUES (31,2,7,NULL);
INSERT INTO a_ete_vu(numreleve,numespece,nbOiseau,estimationoiseau) VALUES (31,3,4,NULL);
INSERT INTO a_ete_vu(numreleve,numespece,nbOiseau,estimationoiseau) VALUES (31,4,13,NULL);
INSERT INTO a_ete_vu(numreleve,numespece,nbOiseau,estimationoiseau) VALUES (31,7,9,NULL);
INSERT INTO a_ete_vu(numreleve,numespece,nbOiseau,estimationoiseau) VALUES (31,9,7,NULL);
INSERT INTO a_ete_vu(numreleve,numespece,nbOiseau,estimationoiseau) VALUES (31,12,16,NULL);
INSERT INTO a_ete_vu(numreleve,numespece,nbOiseau,estimationoiseau) VALUES (31,13,12,NULL);
INSERT INTO a_ete_vu(numreleve,numespece,nbOiseau,estimationoiseau) VALUES (31,16,6,NULL);
INSERT INTO a_ete_vu(numreleve,numespece,nbOiseau,estimationoiseau) VALUES (31,17,11,NULL);
INSERT INTO a_ete_vu(numreleve,numespece,nbOiseau,estimationoiseau) VALUES (31,20,24,NULL);
INSERT INTO a_ete_vu(numreleve,numespece,nbOiseau,estimationoiseau) VALUES (32,2,14,NULL);
INSERT INTO a_ete_vu(numreleve,numespece,nbOiseau,estimationoiseau) VALUES (32,3,23,NULL);
INSERT INTO a_ete_vu(numreleve,numespece,nbOiseau,estimationoiseau) VALUES (32,4,10,NULL);
INSERT INTO a_ete_vu(numreleve,numespece,nbOiseau,estimationoiseau) VALUES (32,5,9,NULL);
INSERT INTO a_ete_vu(numreleve,numespece,nbOiseau,estimationoiseau) VALUES (32,8,31,NULL);
INSERT INTO a_ete_vu(numreleve,numespece,nbOiseau,estimationoiseau) VALUES (32,9,16,NULL);
INSERT INTO a_ete_vu(numreleve,numespece,nbOiseau,estimationoiseau) VALUES (32,11,11,NULL);
INSERT INTO a_ete_vu(numreleve,numespece,nbOiseau,estimationoiseau) VALUES (32,12,20,NULL);
INSERT INTO a_ete_vu(numreleve,numespece,nbOiseau,estimationoiseau) VALUES (32,15,20,NULL);
INSERT INTO a_ete_vu(numreleve,numespece,nbOiseau,estimationoiseau) VALUES (32,16,21,NULL);
INSERT INTO a_ete_vu(numreleve,numespece,nbOiseau,estimationoiseau) VALUES (32,17,17,NULL);
INSERT INTO a_ete_vu(numreleve,numespece,nbOiseau,estimationoiseau) VALUES (32,18,15,NULL);
INSERT INTO a_ete_vu(numreleve,numespece,nbOiseau,estimationoiseau) VALUES (32,19,13,NULL);
INSERT INTO a_ete_vu(numreleve,numespece,nbOiseau,estimationoiseau) VALUES (32,20,27,NULL);
INSERT INTO a_ete_vu(numreleve,numespece,nbOiseau,estimationoiseau) VALUES (33,2,11,NULL);
INSERT INTO a_ete_vu(numreleve,numespece,nbOiseau,estimationoiseau) VALUES (33,3,8,NULL);
INSERT INTO a_ete_vu(numreleve,numespece,nbOiseau,estimationoiseau) VALUES (33,4,11,NULL);
INSERT INTO a_ete_vu(numreleve,numespece,nbOiseau,estimationoiseau) VALUES (33,7,8,NULL);
INSERT INTO a_ete_vu(numreleve,numespece,nbOiseau,estimationoiseau) VALUES (33,8,11,NULL);
INSERT INTO a_ete_vu(numreleve,numespece,nbOiseau,estimationoiseau) VALUES (33,9,13,NULL);
INSERT INTO a_ete_vu(numreleve,numespece,nbOiseau,estimationoiseau) VALUES (33,10,14,NULL);
INSERT INTO a_ete_vu(numreleve,numespece,nbOiseau,estimationoiseau) VALUES (33,14,8,NULL);
INSERT INTO a_ete_vu(numreleve,numespece,nbOiseau,estimationoiseau) VALUES (33,16,9,NULL);
INSERT INTO a_ete_vu(numreleve,numespece,nbOiseau,estimationoiseau) VALUES (33,17,16,NULL);
INSERT INTO a_ete_vu(numreleve,numespece,nbOiseau,estimationoiseau) VALUES (33,18,13,NULL);
INSERT INTO a_ete_vu(numreleve,numespece,nbOiseau,estimationoiseau) VALUES (33,19,3,NULL);
INSERT INTO a_ete_vu(numreleve,numespece,nbOiseau,estimationoiseau) VALUES (34,1,9,NULL);
INSERT INTO a_ete_vu(numreleve,numespece,nbOiseau,estimationoiseau) VALUES (34,2,10,NULL);
INSERT INTO a_ete_vu(numreleve,numespece,nbOiseau,estimationoiseau) VALUES (34,4,6,NULL);
INSERT INTO a_ete_vu(numreleve,numespece,nbOiseau,estimationoiseau) VALUES (34,5,5,NULL);
INSERT INTO a_ete_vu(numreleve,numespece,nbOiseau,estimationoiseau) VALUES (34,7,9,NULL);
INSERT INTO a_ete_vu(numreleve,numespece,nbOiseau,estimationoiseau) VALUES (34,8,12,NULL);
INSERT INTO a_ete_vu(numreleve,numespece,nbOiseau,estimationoiseau) VALUES (34,12,7,NULL);
INSERT INTO a_ete_vu(numreleve,numespece,nbOiseau,estimationoiseau) VALUES (34,14,7,NULL);
INSERT INTO a_ete_vu(numreleve,numespece,nbOiseau,estimationoiseau) VALUES (34,15,10,NULL);
INSERT INTO a_ete_vu(numreleve,numespece,nbOiseau,estimationoiseau) VALUES (34,16,6,NULL);
INSERT INTO a_ete_vu(numreleve,numespece,nbOiseau,estimationoiseau) VALUES (34,17,8,NULL);
INSERT INTO a_ete_vu(numreleve,numespece,nbOiseau,estimationoiseau) VALUES (34,18,10,NULL);
INSERT INTO a_ete_vu(numreleve,numespece,nbOiseau,estimationoiseau) VALUES (34,19,4,NULL);
INSERT INTO a_ete_vu(numreleve,numespece,nbOiseau,estimationoiseau) VALUES (34,20,9,NULL);
INSERT INTO a_ete_vu(numreleve,numespece,nbOiseau,estimationoiseau) VALUES (35,1,11,NULL);
INSERT INTO a_ete_vu(numreleve,numespece,nbOiseau,estimationoiseau) VALUES (35,2,10,NULL);
INSERT INTO a_ete_vu(numreleve,numespece,nbOiseau,estimationoiseau) VALUES (35,3,2,NULL);
INSERT INTO a_ete_vu(numreleve,numespece,nbOiseau,estimationoiseau) VALUES (35,4,11,NULL);
INSERT INTO a_ete_vu(numreleve,numespece,nbOiseau,estimationoiseau) VALUES (35,7,18,NULL);
INSERT INTO a_ete_vu(numreleve,numespece,nbOiseau,estimationoiseau) VALUES (35,8,5,NULL);
INSERT INTO a_ete_vu(numreleve,numespece,nbOiseau,estimationoiseau) VALUES (35,10,8,NULL);
INSERT INTO a_ete_vu(numreleve,numespece,nbOiseau,estimationoiseau) VALUES (35,11,12,NULL);
INSERT INTO a_ete_vu(numreleve,numespece,nbOiseau,estimationoiseau) VALUES (35,12,10,NULL);
INSERT INTO a_ete_vu(numreleve,numespece,nbOiseau,estimationoiseau) VALUES (35,14,12,NULL);
INSERT INTO a_ete_vu(numreleve,numespece,nbOiseau,estimationoiseau) VALUES (35,18,7,NULL);
INSERT INTO a_ete_vu(numreleve,numespece,nbOiseau,estimationoiseau) VALUES (35,20,11,NULL);
INSERT INTO a_ete_vu(numreleve,numespece,nbOiseau,estimationoiseau) VALUES (36,2,31,NULL);
INSERT INTO a_ete_vu(numreleve,numespece,nbOiseau,estimationoiseau) VALUES (36,4,20,NULL);
INSERT INTO a_ete_vu(numreleve,numespece,nbOiseau,estimationoiseau) VALUES (36,5,11,NULL);
INSERT INTO a_ete_vu(numreleve,numespece,nbOiseau,estimationoiseau) VALUES (36,7,20,NULL);
INSERT INTO a_ete_vu(numreleve,numespece,nbOiseau,estimationoiseau) VALUES (36,8,21,NULL);
INSERT INTO a_ete_vu(numreleve,numespece,nbOiseau,estimationoiseau) VALUES (36,9,23,NULL);
INSERT INTO a_ete_vu(numreleve,numespece,nbOiseau,estimationoiseau) VALUES (36,10,16,NULL);
INSERT INTO a_ete_vu(numreleve,numespece,nbOiseau,estimationoiseau) VALUES (36,11,7,NULL);
INSERT INTO a_ete_vu(numreleve,numespece,nbOiseau,estimationoiseau) VALUES (36,14,16,NULL);
INSERT INTO a_ete_vu(numreleve,numespece,nbOiseau,estimationoiseau) VALUES (36,15,14,NULL);
INSERT INTO a_ete_vu(numreleve,numespece,nbOiseau,estimationoiseau) VALUES (36,18,18,NULL);
INSERT INTO a_ete_vu(numreleve,numespece,nbOiseau,estimationoiseau) VALUES (37,3,11,NULL);
INSERT INTO a_ete_vu(numreleve,numespece,nbOiseau,estimationoiseau) VALUES (37,4,16,NULL);
INSERT INTO a_ete_vu(numreleve,numespece,nbOiseau,estimationoiseau) VALUES (37,6,7,NULL);
INSERT INTO a_ete_vu(numreleve,numespece,nbOiseau,estimationoiseau) VALUES (37,8,16,NULL);
INSERT INTO a_ete_vu(numreleve,numespece,nbOiseau,estimationoiseau) VALUES (37,10,6,NULL);
INSERT INTO a_ete_vu(numreleve,numespece,nbOiseau,estimationoiseau) VALUES (37,11,17,NULL);
INSERT INTO a_ete_vu(numreleve,numespece,nbOiseau,estimationoiseau) VALUES (37,12,15,NULL);
INSERT INTO a_ete_vu(numreleve,numespece,nbOiseau,estimationoiseau) VALUES (37,13,19,NULL);
INSERT INTO a_ete_vu(numreleve,numespece,nbOiseau,estimationoiseau) VALUES (37,14,11,NULL);
INSERT INTO a_ete_vu(numreleve,numespece,nbOiseau,estimationoiseau) VALUES (37,17,8,NULL);
INSERT INTO a_ete_vu(numreleve,numespece,nbOiseau,estimationoiseau) VALUES (37,18,8,NULL);
INSERT INTO a_ete_vu(numreleve,numespece,nbOiseau,estimationoiseau) VALUES (37,19,12,NULL);
INSERT INTO a_ete_vu(numreleve,numespece,nbOiseau,estimationoiseau) VALUES (38,5,14,NULL);
INSERT INTO a_ete_vu(numreleve,numespece,nbOiseau,estimationoiseau) VALUES (38,7,6,NULL);
INSERT INTO a_ete_vu(numreleve,numespece,nbOiseau,estimationoiseau) VALUES (38,8,14,NULL);
INSERT INTO a_ete_vu(numreleve,numespece,nbOiseau,estimationoiseau) VALUES (38,9,14,NULL);
INSERT INTO a_ete_vu(numreleve,numespece,nbOiseau,estimationoiseau) VALUES (38,10,16,NULL);
INSERT INTO a_ete_vu(numreleve,numespece,nbOiseau,estimationoiseau) VALUES (38,12,10,NULL);
INSERT INTO a_ete_vu(numreleve,numespece,nbOiseau,estimationoiseau) VALUES (38,13,16,NULL);
INSERT INTO a_ete_vu(numreleve,numespece,nbOiseau,estimationoiseau) VALUES (38,14,14,NULL);
INSERT INTO a_ete_vu(numreleve,numespece,nbOiseau,estimationoiseau) VALUES (38,15,28,NULL);
INSERT INTO a_ete_vu(numreleve,numespece,nbOiseau,estimationoiseau) VALUES (38,18,12,NULL);
INSERT INTO a_ete_vu(numreleve,numespece,nbOiseau,estimationoiseau) VALUES (39,1,10,NULL);
INSERT INTO a_ete_vu(numreleve,numespece,nbOiseau,estimationoiseau) VALUES (39,2,12,NULL);
INSERT INTO a_ete_vu(numreleve,numespece,nbOiseau,estimationoiseau) VALUES (39,4,14,NULL);
INSERT INTO a_ete_vu(numreleve,numespece,nbOiseau,estimationoiseau) VALUES (39,7,6,NULL);
INSERT INTO a_ete_vu(numreleve,numespece,nbOiseau,estimationoiseau) VALUES (39,8,8,NULL);
INSERT INTO a_ete_vu(numreleve,numespece,nbOiseau,estimationoiseau) VALUES (39,9,10,NULL);
INSERT INTO a_ete_vu(numreleve,numespece,nbOiseau,estimationoiseau) VALUES (39,10,8,NULL);
INSERT INTO a_ete_vu(numreleve,numespece,nbOiseau,estimationoiseau) VALUES (39,11,6,NULL);
INSERT INTO a_ete_vu(numreleve,numespece,nbOiseau,estimationoiseau) VALUES (39,12,8,NULL);
INSERT INTO a_ete_vu(numreleve,numespece,nbOiseau,estimationoiseau) VALUES (39,15,5,NULL);
INSERT INTO a_ete_vu(numreleve,numespece,nbOiseau,estimationoiseau) VALUES (39,20,9,NULL);
INSERT INTO a_ete_vu(numreleve,numespece,nbOiseau,estimationoiseau) VALUES (40,1,11,NULL);
INSERT INTO a_ete_vu(numreleve,numespece,nbOiseau,estimationoiseau) VALUES (40,2,12,NULL);
INSERT INTO a_ete_vu(numreleve,numespece,nbOiseau,estimationoiseau) VALUES (40,3,18,NULL);
INSERT INTO a_ete_vu(numreleve,numespece,nbOiseau,estimationoiseau) VALUES (40,4,9,NULL);
INSERT INTO a_ete_vu(numreleve,numespece,nbOiseau,estimationoiseau) VALUES (40,6,18,NULL);
INSERT INTO a_ete_vu(numreleve,numespece,nbOiseau,estimationoiseau) VALUES (40,7,13,NULL);
INSERT INTO a_ete_vu(numreleve,numespece,nbOiseau,estimationoiseau) VALUES (40,8,14,NULL);
INSERT INTO a_ete_vu(numreleve,numespece,nbOiseau,estimationoiseau) VALUES (40,9,23,NULL);
INSERT INTO a_ete_vu(numreleve,numespece,nbOiseau,estimationoiseau) VALUES (40,10,18,NULL);
INSERT INTO a_ete_vu(numreleve,numespece,nbOiseau,estimationoiseau) VALUES (40,11,21,NULL);
INSERT INTO a_ete_vu(numreleve,numespece,nbOiseau,estimationoiseau) VALUES (40,13,9,NULL);
INSERT INTO a_ete_vu(numreleve,numespece,nbOiseau,estimationoiseau) VALUES (40,15,11,NULL);
INSERT INTO a_ete_vu(numreleve,numespece,nbOiseau,estimationoiseau) VALUES (40,16,14,NULL);
INSERT INTO a_ete_vu(numreleve,numespece,nbOiseau,estimationoiseau) VALUES (40,17,15,NULL);
INSERT INTO a_ete_vu(numreleve,numespece,nbOiseau,estimationoiseau) VALUES (40,18,15,NULL);
INSERT INTO a_ete_vu(numreleve,numespece,nbOiseau,estimationoiseau) VALUES (40,19,13,NULL);
INSERT INTO a_ete_vu(numreleve,numespece,nbOiseau,estimationoiseau) VALUES (41,2,10,NULL);
INSERT INTO a_ete_vu(numreleve,numespece,nbOiseau,estimationoiseau) VALUES (41,3,6,NULL);
INSERT INTO a_ete_vu(numreleve,numespece,nbOiseau,estimationoiseau) VALUES (41,5,15,NULL);
INSERT INTO a_ete_vu(numreleve,numespece,nbOiseau,estimationoiseau) VALUES (41,7,7,NULL);
INSERT INTO a_ete_vu(numreleve,numespece,nbOiseau,estimationoiseau) VALUES (41,10,17,NULL);
INSERT INTO a_ete_vu(numreleve,numespece,nbOiseau,estimationoiseau) VALUES (41,11,15,NULL);
INSERT INTO a_ete_vu(numreleve,numespece,nbOiseau,estimationoiseau) VALUES (41,12,16,NULL);
INSERT INTO a_ete_vu(numreleve,numespece,nbOiseau,estimationoiseau) VALUES (41,15,17,NULL);
INSERT INTO a_ete_vu(numreleve,numespece,nbOiseau,estimationoiseau) VALUES (41,20,8,NULL);
INSERT INTO a_ete_vu(numreleve,numespece,nbOiseau,estimationoiseau) VALUES (42,2,2,NULL);
INSERT INTO a_ete_vu(numreleve,numespece,nbOiseau,estimationoiseau) VALUES (42,3,1,NULL);
INSERT INTO a_ete_vu(numreleve,numespece,nbOiseau,estimationoiseau) VALUES (42,5,2,NULL);
INSERT INTO a_ete_vu(numreleve,numespece,nbOiseau,estimationoiseau) VALUES (42,6,3,NULL);
INSERT INTO a_ete_vu(numreleve,numespece,nbOiseau,estimationoiseau) VALUES (42,9,1,NULL);
INSERT INTO a_ete_vu(numreleve,numespece,nbOiseau,estimationoiseau) VALUES (42,10,2,NULL);
INSERT INTO a_ete_vu(numreleve,numespece,nbOiseau,estimationoiseau) VALUES (42,11,1,NULL);
INSERT INTO a_ete_vu(numreleve,numespece,nbOiseau,estimationoiseau) VALUES (42,13,2,NULL);
INSERT INTO a_ete_vu(numreleve,numespece,nbOiseau,estimationoiseau) VALUES (42,18,4,NULL);
INSERT INTO a_ete_vu(numreleve,numespece,nbOiseau,estimationoiseau) VALUES (42,20,4,NULL);
INSERT INTO a_ete_vu(numreleve,numespece,nbOiseau,estimationoiseau) VALUES (43,1,12,NULL);
INSERT INTO a_ete_vu(numreleve,numespece,nbOiseau,estimationoiseau) VALUES (43,2,12,NULL);
INSERT INTO a_ete_vu(numreleve,numespece,nbOiseau,estimationoiseau) VALUES (43,3,15,NULL);
INSERT INTO a_ete_vu(numreleve,numespece,nbOiseau,estimationoiseau) VALUES (43,4,14,NULL);
INSERT INTO a_ete_vu(numreleve,numespece,nbOiseau,estimationoiseau) VALUES (43,6,3,NULL);
INSERT INTO a_ete_vu(numreleve,numespece,nbOiseau,estimationoiseau) VALUES (43,7,17,NULL);
INSERT INTO a_ete_vu(numreleve,numespece,nbOiseau,estimationoiseau) VALUES (43,8,7,NULL);
INSERT INTO a_ete_vu(numreleve,numespece,nbOiseau,estimationoiseau) VALUES (43,9,11,NULL);
INSERT INTO a_ete_vu(numreleve,numespece,nbOiseau,estimationoiseau) VALUES (43,10,21,NULL);
INSERT INTO a_ete_vu(numreleve,numespece,nbOiseau,estimationoiseau) VALUES (43,11,21,NULL);
INSERT INTO a_ete_vu(numreleve,numespece,nbOiseau,estimationoiseau) VALUES (43,13,13,NULL);
INSERT INTO a_ete_vu(numreleve,numespece,nbOiseau,estimationoiseau) VALUES (43,14,11,NULL);
INSERT INTO a_ete_vu(numreleve,numespece,nbOiseau,estimationoiseau) VALUES (43,15,9,NULL);
INSERT INTO a_ete_vu(numreleve,numespece,nbOiseau,estimationoiseau) VALUES (43,16,4,NULL);
INSERT INTO a_ete_vu(numreleve,numespece,nbOiseau,estimationoiseau) VALUES (43,17,14,NULL);
INSERT INTO a_ete_vu(numreleve,numespece,nbOiseau,estimationoiseau) VALUES (43,20,18,NULL);
INSERT INTO a_ete_vu(numreleve,numespece,nbOiseau,estimationoiseau) VALUES (44,3,10,NULL);
INSERT INTO a_ete_vu(numreleve,numespece,nbOiseau,estimationoiseau) VALUES (44,4,29,NULL);
INSERT INTO a_ete_vu(numreleve,numespece,nbOiseau,estimationoiseau) VALUES (44,8,6,NULL);
INSERT INTO a_ete_vu(numreleve,numespece,nbOiseau,estimationoiseau) VALUES (44,10,21,NULL);
INSERT INTO a_ete_vu(numreleve,numespece,nbOiseau,estimationoiseau) VALUES (44,11,15,NULL);
INSERT INTO a_ete_vu(numreleve,numespece,nbOiseau,estimationoiseau) VALUES (44,12,21,NULL);
INSERT INTO a_ete_vu(numreleve,numespece,nbOiseau,estimationoiseau) VALUES (44,14,13,NULL);
INSERT INTO a_ete_vu(numreleve,numespece,nbOiseau,estimationoiseau) VALUES (44,15,33,NULL);
INSERT INTO a_ete_vu(numreleve,numespece,nbOiseau,estimationoiseau) VALUES (44,16,9,NULL);
INSERT INTO a_ete_vu(numreleve,numespece,nbOiseau,estimationoiseau) VALUES (44,17,8,NULL);
INSERT INTO a_ete_vu(numreleve,numespece,nbOiseau,estimationoiseau) VALUES (44,19,9,NULL);
INSERT INTO a_ete_vu(numreleve,numespece,nbOiseau,estimationoiseau) VALUES (45,2,13,NULL);
INSERT INTO a_ete_vu(numreleve,numespece,nbOiseau,estimationoiseau) VALUES (45,3,11,NULL);
INSERT INTO a_ete_vu(numreleve,numespece,nbOiseau,estimationoiseau) VALUES (45,5,11,NULL);
INSERT INTO a_ete_vu(numreleve,numespece,nbOiseau,estimationoiseau) VALUES (45,6,18,NULL);
INSERT INTO a_ete_vu(numreleve,numespece,nbOiseau,estimationoiseau) VALUES (45,7,11,NULL);
INSERT INTO a_ete_vu(numreleve,numespece,nbOiseau,estimationoiseau) VALUES (45,8,12,NULL);
INSERT INTO a_ete_vu(numreleve,numespece,nbOiseau,estimationoiseau) VALUES (45,9,10,NULL);
INSERT INTO a_ete_vu(numreleve,numespece,nbOiseau,estimationoiseau) VALUES (45,12,17,NULL);
INSERT INTO a_ete_vu(numreleve,numespece,nbOiseau,estimationoiseau) VALUES (45,14,12,NULL);
INSERT INTO a_ete_vu(numreleve,numespece,nbOiseau,estimationoiseau) VALUES (45,16,11,NULL);
INSERT INTO a_ete_vu(numreleve,numespece,nbOiseau,estimationoiseau) VALUES (45,17,11,NULL);
INSERT INTO a_ete_vu(numreleve,numespece,nbOiseau,estimationoiseau) VALUES (45,18,15,NULL);
INSERT INTO a_ete_vu(numreleve,numespece,nbOiseau,estimationoiseau) VALUES (45,19,13,NULL);
INSERT INTO a_ete_vu(numreleve,numespece,nbOiseau,estimationoiseau) VALUES (45,20,15,NULL);
INSERT INTO a_ete_vu(numreleve,numespece,nbOiseau,estimationoiseau) VALUES (46,1,10,NULL);
INSERT INTO a_ete_vu(numreleve,numespece,nbOiseau,estimationoiseau) VALUES (46,2,17,NULL);
INSERT INTO a_ete_vu(numreleve,numespece,nbOiseau,estimationoiseau) VALUES (46,3,10,NULL);
INSERT INTO a_ete_vu(numreleve,numespece,nbOiseau,estimationoiseau) VALUES (46,4,5,NULL);
INSERT INTO a_ete_vu(numreleve,numespece,nbOiseau,estimationoiseau) VALUES (46,5,18,NULL);
INSERT INTO a_ete_vu(numreleve,numespece,nbOiseau,estimationoiseau) VALUES (46,7,8,NULL);
INSERT INTO a_ete_vu(numreleve,numespece,nbOiseau,estimationoiseau) VALUES (46,8,14,NULL);
INSERT INTO a_ete_vu(numreleve,numespece,nbOiseau,estimationoiseau) VALUES (46,9,12,NULL);
INSERT INTO a_ete_vu(numreleve,numespece,nbOiseau,estimationoiseau) VALUES (46,14,12,NULL);
INSERT INTO a_ete_vu(numreleve,numespece,nbOiseau,estimationoiseau) VALUES (46,16,16,NULL);
INSERT INTO a_ete_vu(numreleve,numespece,nbOiseau,estimationoiseau) VALUES (46,17,18,NULL);
INSERT INTO a_ete_vu(numreleve,numespece,nbOiseau,estimationoiseau) VALUES (47,2,10,NULL);
INSERT INTO a_ete_vu(numreleve,numespece,nbOiseau,estimationoiseau) VALUES (47,5,10,NULL);
INSERT INTO a_ete_vu(numreleve,numespece,nbOiseau,estimationoiseau) VALUES (47,6,12,NULL);
INSERT INTO a_ete_vu(numreleve,numespece,nbOiseau,estimationoiseau) VALUES (47,8,11,NULL);
INSERT INTO a_ete_vu(numreleve,numespece,nbOiseau,estimationoiseau) VALUES (47,9,22,NULL);
INSERT INTO a_ete_vu(numreleve,numespece,nbOiseau,estimationoiseau) VALUES (47,10,13,NULL);
INSERT INTO a_ete_vu(numreleve,numespece,nbOiseau,estimationoiseau) VALUES (47,12,9,NULL);
INSERT INTO a_ete_vu(numreleve,numespece,nbOiseau,estimationoiseau) VALUES (47,13,12,NULL);
INSERT INTO a_ete_vu(numreleve,numespece,nbOiseau,estimationoiseau) VALUES (47,14,16,NULL);
INSERT INTO a_ete_vu(numreleve,numespece,nbOiseau,estimationoiseau) VALUES (47,15,16,NULL);
INSERT INTO a_ete_vu(numreleve,numespece,nbOiseau,estimationoiseau) VALUES (47,17,15,NULL);
INSERT INTO a_ete_vu(numreleve,numespece,nbOiseau,estimationoiseau) VALUES (47,18,8,NULL);
INSERT INTO a_ete_vu(numreleve,numespece,nbOiseau,estimationoiseau) VALUES (47,19,13,NULL);
INSERT INTO a_ete_vu(numreleve,numespece,nbOiseau,estimationoiseau) VALUES (47,20,2,NULL);
INSERT INTO a_ete_vu(numreleve,numespece,nbOiseau,estimationoiseau) VALUES (48,2,13,NULL);
INSERT INTO a_ete_vu(numreleve,numespece,nbOiseau,estimationoiseau) VALUES (48,3,15,NULL);
INSERT INTO a_ete_vu(numreleve,numespece,nbOiseau,estimationoiseau) VALUES (48,4,11,NULL);
INSERT INTO a_ete_vu(numreleve,numespece,nbOiseau,estimationoiseau) VALUES (48,6,14,NULL);
INSERT INTO a_ete_vu(numreleve,numespece,nbOiseau,estimationoiseau) VALUES (48,9,10,NULL);
INSERT INTO a_ete_vu(numreleve,numespece,nbOiseau,estimationoiseau) VALUES (48,10,14,NULL);
INSERT INTO a_ete_vu(numreleve,numespece,nbOiseau,estimationoiseau) VALUES (48,11,12,NULL);
INSERT INTO a_ete_vu(numreleve,numespece,nbOiseau,estimationoiseau) VALUES (48,12,7,NULL);
INSERT INTO a_ete_vu(numreleve,numespece,nbOiseau,estimationoiseau) VALUES (48,13,15,NULL);
INSERT INTO a_ete_vu(numreleve,numespece,nbOiseau,estimationoiseau) VALUES (48,14,17,NULL);
INSERT INTO a_ete_vu(numreleve,numespece,nbOiseau,estimationoiseau) VALUES (48,15,7,NULL);
INSERT INTO a_ete_vu(numreleve,numespece,nbOiseau,estimationoiseau) VALUES (48,16,10,NULL);
INSERT INTO a_ete_vu(numreleve,numespece,nbOiseau,estimationoiseau) VALUES (48,17,10,NULL);
INSERT INTO a_ete_vu(numreleve,numespece,nbOiseau,estimationoiseau) VALUES (48,19,10,NULL);
INSERT INTO a_ete_vu(numreleve,numespece,nbOiseau,estimationoiseau) VALUES (48,20,12,NULL);
INSERT INTO a_ete_vu(numreleve,numespece,nbOiseau,estimationoiseau) VALUES (49,1,10,NULL);
INSERT INTO a_ete_vu(numreleve,numespece,nbOiseau,estimationoiseau) VALUES (49,2,16,NULL);
INSERT INTO a_ete_vu(numreleve,numespece,nbOiseau,estimationoiseau) VALUES (49,3,28,NULL);
INSERT INTO a_ete_vu(numreleve,numespece,nbOiseau,estimationoiseau) VALUES (49,4,14,NULL);
INSERT INTO a_ete_vu(numreleve,numespece,nbOiseau,estimationoiseau) VALUES (49,5,21,NULL);
INSERT INTO a_ete_vu(numreleve,numespece,nbOiseau,estimationoiseau) VALUES (49,6,27,NULL);
INSERT INTO a_ete_vu(numreleve,numespece,nbOiseau,estimationoiseau) VALUES (49,7,13,NULL);
INSERT INTO a_ete_vu(numreleve,numespece,nbOiseau,estimationoiseau) VALUES (49,8,21,NULL);
INSERT INTO a_ete_vu(numreleve,numespece,nbOiseau,estimationoiseau) VALUES (49,9,9,NULL);
INSERT INTO a_ete_vu(numreleve,numespece,nbOiseau,estimationoiseau) VALUES (49,10,25,NULL);
INSERT INTO a_ete_vu(numreleve,numespece,nbOiseau,estimationoiseau) VALUES (49,12,17,NULL);
INSERT INTO a_ete_vu(numreleve,numespece,nbOiseau,estimationoiseau) VALUES (49,14,22,NULL);
INSERT INTO a_ete_vu(numreleve,numespece,nbOiseau,estimationoiseau) VALUES (49,15,8,NULL);
INSERT INTO a_ete_vu(numreleve,numespece,nbOiseau,estimationoiseau) VALUES (49,16,19,NULL);
INSERT INTO a_ete_vu(numreleve,numespece,nbOiseau,estimationoiseau) VALUES (49,17,21,NULL);
INSERT INTO a_ete_vu(numreleve,numespece,nbOiseau,estimationoiseau) VALUES (49,20,10,NULL);
INSERT INTO a_ete_vu(numreleve,numespece,nbOiseau,estimationoiseau) VALUES (50,1,15,NULL);
INSERT INTO a_ete_vu(numreleve,numespece,nbOiseau,estimationoiseau) VALUES (50,3,7,NULL);
INSERT INTO a_ete_vu(numreleve,numespece,nbOiseau,estimationoiseau) VALUES (50,6,17,NULL);
INSERT INTO a_ete_vu(numreleve,numespece,nbOiseau,estimationoiseau) VALUES (50,9,12,NULL);
INSERT INTO a_ete_vu(numreleve,numespece,nbOiseau,estimationoiseau) VALUES (50,10,10,NULL);
INSERT INTO a_ete_vu(numreleve,numespece,nbOiseau,estimationoiseau) VALUES (50,11,16,NULL);
INSERT INTO a_ete_vu(numreleve,numespece,nbOiseau,estimationoiseau) VALUES (50,12,5,NULL);
INSERT INTO a_ete_vu(numreleve,numespece,nbOiseau,estimationoiseau) VALUES (50,13,14,NULL);
INSERT INTO a_ete_vu(numreleve,numespece,nbOiseau,estimationoiseau) VALUES (50,16,13,NULL);
INSERT INTO a_ete_vu(numreleve,numespece,nbOiseau,estimationoiseau) VALUES (50,17,8,NULL);
INSERT INTO a_ete_vu(numreleve,numespece,nbOiseau,estimationoiseau) VALUES (50,19,15,NULL);
INSERT INTO a_ete_vu(numreleve,numespece,nbOiseau,estimationoiseau) VALUES (50,20,14,NULL);
INSERT INTO a_ete_vu(numreleve,numespece,nbOiseau,estimationoiseau) VALUES (51,1,11,NULL);
INSERT INTO a_ete_vu(numreleve,numespece,nbOiseau,estimationoiseau) VALUES (51,2,10,NULL);
INSERT INTO a_ete_vu(numreleve,numespece,nbOiseau,estimationoiseau) VALUES (51,4,10,NULL);
INSERT INTO a_ete_vu(numreleve,numespece,nbOiseau,estimationoiseau) VALUES (51,6,3,NULL);
INSERT INTO a_ete_vu(numreleve,numespece,nbOiseau,estimationoiseau) VALUES (51,10,16,NULL);
INSERT INTO a_ete_vu(numreleve,numespece,nbOiseau,estimationoiseau) VALUES (51,11,12,NULL);
INSERT INTO a_ete_vu(numreleve,numespece,nbOiseau,estimationoiseau) VALUES (51,12,14,NULL);
INSERT INTO a_ete_vu(numreleve,numespece,nbOiseau,estimationoiseau) VALUES (51,13,17,NULL);
INSERT INTO a_ete_vu(numreleve,numespece,nbOiseau,estimationoiseau) VALUES (51,15,2,NULL);
INSERT INTO a_ete_vu(numreleve,numespece,nbOiseau,estimationoiseau) VALUES (51,16,20,NULL);
INSERT INTO a_ete_vu(numreleve,numespece,nbOiseau,estimationoiseau) VALUES (51,17,14,NULL);
INSERT INTO a_ete_vu(numreleve,numespece,nbOiseau,estimationoiseau) VALUES (51,19,13,NULL);
INSERT INTO a_ete_vu(numreleve,numespece,nbOiseau,estimationoiseau) VALUES (51,20,6,NULL);
INSERT INTO a_ete_vu(numreleve,numespece,nbOiseau,estimationoiseau) VALUES (52,1,10,NULL);
INSERT INTO a_ete_vu(numreleve,numespece,nbOiseau,estimationoiseau) VALUES (52,2,14,NULL);
INSERT INTO a_ete_vu(numreleve,numespece,nbOiseau,estimationoiseau) VALUES (52,3,19,NULL);
INSERT INTO a_ete_vu(numreleve,numespece,nbOiseau,estimationoiseau) VALUES (52,5,10,NULL);
INSERT INTO a_ete_vu(numreleve,numespece,nbOiseau,estimationoiseau) VALUES (52,6,20,NULL);
INSERT INTO a_ete_vu(numreleve,numespece,nbOiseau,estimationoiseau) VALUES (52,8,12,NULL);
INSERT INTO a_ete_vu(numreleve,numespece,nbOiseau,estimationoiseau) VALUES (52,9,14,NULL);
INSERT INTO a_ete_vu(numreleve,numespece,nbOiseau,estimationoiseau) VALUES (52,13,21,NULL);
INSERT INTO a_ete_vu(numreleve,numespece,nbOiseau,estimationoiseau) VALUES (52,16,10,NULL);
INSERT INTO a_ete_vu(numreleve,numespece,nbOiseau,estimationoiseau) VALUES (52,17,8,NULL);
INSERT INTO a_ete_vu(numreleve,numespece,nbOiseau,estimationoiseau) VALUES (52,18,11,NULL);
INSERT INTO a_ete_vu(numreleve,numespece,nbOiseau,estimationoiseau) VALUES (52,19,5,NULL);
INSERT INTO a_ete_vu(numreleve,numespece,nbOiseau,estimationoiseau) VALUES (52,20,5,NULL);
INSERT INTO a_ete_vu(numreleve,numespece,nbOiseau,estimationoiseau) VALUES (53,1,14,NULL);
INSERT INTO a_ete_vu(numreleve,numespece,nbOiseau,estimationoiseau) VALUES (53,4,11,NULL);
INSERT INTO a_ete_vu(numreleve,numespece,nbOiseau,estimationoiseau) VALUES (53,7,15,NULL);
INSERT INTO a_ete_vu(numreleve,numespece,nbOiseau,estimationoiseau) VALUES (53,9,9,NULL);
INSERT INTO a_ete_vu(numreleve,numespece,nbOiseau,estimationoiseau) VALUES (53,10,14,NULL);
INSERT INTO a_ete_vu(numreleve,numespece,nbOiseau,estimationoiseau) VALUES (53,11,12,NULL);
INSERT INTO a_ete_vu(numreleve,numespece,nbOiseau,estimationoiseau) VALUES (53,12,10,NULL);
INSERT INTO a_ete_vu(numreleve,numespece,nbOiseau,estimationoiseau) VALUES (53,15,15,NULL);
INSERT INTO a_ete_vu(numreleve,numespece,nbOiseau,estimationoiseau) VALUES (53,16,17,NULL);
INSERT INTO a_ete_vu(numreleve,numespece,nbOiseau,estimationoiseau) VALUES (53,17,5,NULL);
INSERT INTO a_ete_vu(numreleve,numespece,nbOiseau,estimationoiseau) VALUES (53,19,15,NULL);
INSERT INTO a_ete_vu(numreleve,numespece,nbOiseau,estimationoiseau) VALUES (54,1,11,NULL);
INSERT INTO a_ete_vu(numreleve,numespece,nbOiseau,estimationoiseau) VALUES (54,3,22,NULL);
INSERT INTO a_ete_vu(numreleve,numespece,nbOiseau,estimationoiseau) VALUES (54,5,15,NULL);
INSERT INTO a_ete_vu(numreleve,numespece,nbOiseau,estimationoiseau) VALUES (54,6,8,NULL);
INSERT INTO a_ete_vu(numreleve,numespece,nbOiseau,estimationoiseau) VALUES (54,7,7,NULL);
INSERT INTO a_ete_vu(numreleve,numespece,nbOiseau,estimationoiseau) VALUES (54,8,17,NULL);
INSERT INTO a_ete_vu(numreleve,numespece,nbOiseau,estimationoiseau) VALUES (54,10,15,NULL);
INSERT INTO a_ete_vu(numreleve,numespece,nbOiseau,estimationoiseau) VALUES (54,11,12,NULL);
INSERT INTO a_ete_vu(numreleve,numespece,nbOiseau,estimationoiseau) VALUES (54,12,3,NULL);
INSERT INTO a_ete_vu(numreleve,numespece,nbOiseau,estimationoiseau) VALUES (54,15,10,NULL);
INSERT INTO a_ete_vu(numreleve,numespece,nbOiseau,estimationoiseau) VALUES (54,17,14,NULL);
INSERT INTO a_ete_vu(numreleve,numespece,nbOiseau,estimationoiseau) VALUES (54,18,14,NULL);
INSERT INTO a_ete_vu(numreleve,numespece,nbOiseau,estimationoiseau) VALUES (54,19,14,NULL);
INSERT INTO a_ete_vu(numreleve,numespece,nbOiseau,estimationoiseau) VALUES (54,20,5,NULL);
INSERT INTO a_ete_vu(numreleve,numespece,nbOiseau,estimationoiseau) VALUES (55,1,8,NULL);
INSERT INTO a_ete_vu(numreleve,numespece,nbOiseau,estimationoiseau) VALUES (55,2,6,NULL);
INSERT INTO a_ete_vu(numreleve,numespece,nbOiseau,estimationoiseau) VALUES (55,3,5,NULL);
INSERT INTO a_ete_vu(numreleve,numespece,nbOiseau,estimationoiseau) VALUES (55,4,10,NULL);
INSERT INTO a_ete_vu(numreleve,numespece,nbOiseau,estimationoiseau) VALUES (55,5,5,NULL);
INSERT INTO a_ete_vu(numreleve,numespece,nbOiseau,estimationoiseau) VALUES (55,6,8,NULL);
INSERT INTO a_ete_vu(numreleve,numespece,nbOiseau,estimationoiseau) VALUES (55,7,4,NULL);
INSERT INTO a_ete_vu(numreleve,numespece,nbOiseau,estimationoiseau) VALUES (55,8,3,NULL);
INSERT INTO a_ete_vu(numreleve,numespece,nbOiseau,estimationoiseau) VALUES (55,9,10,NULL);
INSERT INTO a_ete_vu(numreleve,numespece,nbOiseau,estimationoiseau) VALUES (55,10,3,NULL);
INSERT INTO a_ete_vu(numreleve,numespece,nbOiseau,estimationoiseau) VALUES (55,11,3,NULL);
INSERT INTO a_ete_vu(numreleve,numespece,nbOiseau,estimationoiseau) VALUES (55,15,7,NULL);
INSERT INTO a_ete_vu(numreleve,numespece,nbOiseau,estimationoiseau) VALUES (55,16,11,NULL);
INSERT INTO a_ete_vu(numreleve,numespece,nbOiseau,estimationoiseau) VALUES (55,19,6,NULL);
INSERT INTO a_ete_vu(numreleve,numespece,nbOiseau,estimationoiseau) VALUES (56,1,3,NULL);
INSERT INTO a_ete_vu(numreleve,numespece,nbOiseau,estimationoiseau) VALUES (56,2,1,NULL);
INSERT INTO a_ete_vu(numreleve,numespece,nbOiseau,estimationoiseau) VALUES (56,3,2,NULL);
INSERT INTO a_ete_vu(numreleve,numespece,nbOiseau,estimationoiseau) VALUES (56,6,2,NULL);
INSERT INTO a_ete_vu(numreleve,numespece,nbOiseau,estimationoiseau) VALUES (56,7,2,NULL);
INSERT INTO a_ete_vu(numreleve,numespece,nbOiseau,estimationoiseau) VALUES (56,8,2,NULL);
INSERT INTO a_ete_vu(numreleve,numespece,nbOiseau,estimationoiseau) VALUES (56,9,3,NULL);
INSERT INTO a_ete_vu(numreleve,numespece,nbOiseau,estimationoiseau) VALUES (56,10,2,NULL);
INSERT INTO a_ete_vu(numreleve,numespece,nbOiseau,estimationoiseau) VALUES (56,11,1,NULL);
INSERT INTO a_ete_vu(numreleve,numespece,nbOiseau,estimationoiseau) VALUES (56,12,2,NULL);
INSERT INTO a_ete_vu(numreleve,numespece,nbOiseau,estimationoiseau) VALUES (56,14,3,NULL);
INSERT INTO a_ete_vu(numreleve,numespece,nbOiseau,estimationoiseau) VALUES (56,15,3,NULL);
INSERT INTO a_ete_vu(numreleve,numespece,nbOiseau,estimationoiseau) VALUES (56,16,3,NULL);
INSERT INTO a_ete_vu(numreleve,numespece,nbOiseau,estimationoiseau) VALUES (56,18,2,NULL);
INSERT INTO a_ete_vu(numreleve,numespece,nbOiseau,estimationoiseau) VALUES (56,19,2,NULL);
INSERT INTO a_ete_vu(numreleve,numespece,nbOiseau,estimationoiseau) VALUES (56,20,2,NULL);
INSERT INTO a_ete_vu(numreleve,numespece,nbOiseau,estimationoiseau) VALUES (57,3,20,NULL);
INSERT INTO a_ete_vu(numreleve,numespece,nbOiseau,estimationoiseau) VALUES (57,6,15,NULL);
INSERT INTO a_ete_vu(numreleve,numespece,nbOiseau,estimationoiseau) VALUES (57,8,16,NULL);
INSERT INTO a_ete_vu(numreleve,numespece,nbOiseau,estimationoiseau) VALUES (57,9,14,NULL);
INSERT INTO a_ete_vu(numreleve,numespece,nbOiseau,estimationoiseau) VALUES (57,13,8,NULL);
INSERT INTO a_ete_vu(numreleve,numespece,nbOiseau,estimationoiseau) VALUES (57,14,18,NULL);
INSERT INTO a_ete_vu(numreleve,numespece,nbOiseau,estimationoiseau) VALUES (57,15,17,NULL);
INSERT INTO a_ete_vu(numreleve,numespece,nbOiseau,estimationoiseau) VALUES (57,16,17,NULL);
INSERT INTO a_ete_vu(numreleve,numespece,nbOiseau,estimationoiseau) VALUES (57,17,6,NULL);
INSERT INTO a_ete_vu(numreleve,numespece,nbOiseau,estimationoiseau) VALUES (57,18,12,NULL);
INSERT INTO a_ete_vu(numreleve,numespece,nbOiseau,estimationoiseau) VALUES (57,19,12,NULL);
INSERT INTO a_ete_vu(numreleve,numespece,nbOiseau,estimationoiseau) VALUES (58,3,11,NULL);
INSERT INTO a_ete_vu(numreleve,numespece,nbOiseau,estimationoiseau) VALUES (58,4,11,NULL);
INSERT INTO a_ete_vu(numreleve,numespece,nbOiseau,estimationoiseau) VALUES (58,6,11,NULL);
INSERT INTO a_ete_vu(numreleve,numespece,nbOiseau,estimationoiseau) VALUES (58,7,6,NULL);
INSERT INTO a_ete_vu(numreleve,numespece,nbOiseau,estimationoiseau) VALUES (58,9,11,NULL);
INSERT INTO a_ete_vu(numreleve,numespece,nbOiseau,estimationoiseau) VALUES (58,10,15,NULL);
INSERT INTO a_ete_vu(numreleve,numespece,nbOiseau,estimationoiseau) VALUES (58,11,8,NULL);
INSERT INTO a_ete_vu(numreleve,numespece,nbOiseau,estimationoiseau) VALUES (58,12,16,NULL);
INSERT INTO a_ete_vu(numreleve,numespece,nbOiseau,estimationoiseau) VALUES (58,13,15,NULL);
INSERT INTO a_ete_vu(numreleve,numespece,nbOiseau,estimationoiseau) VALUES (58,14,13,NULL);
INSERT INTO a_ete_vu(numreleve,numespece,nbOiseau,estimationoiseau) VALUES (58,15,14,NULL);
INSERT INTO a_ete_vu(numreleve,numespece,nbOiseau,estimationoiseau) VALUES (58,16,9,NULL);
INSERT INTO a_ete_vu(numreleve,numespece,nbOiseau,estimationoiseau) VALUES (58,17,13,NULL);
INSERT INTO a_ete_vu(numreleve,numespece,nbOiseau,estimationoiseau) VALUES (58,18,20,NULL);
INSERT INTO a_ete_vu(numreleve,numespece,nbOiseau,estimationoiseau) VALUES (58,20,6,NULL);
INSERT INTO a_ete_vu(numreleve,numespece,nbOiseau,estimationoiseau) VALUES (59,1,22,NULL);
INSERT INTO a_ete_vu(numreleve,numespece,nbOiseau,estimationoiseau) VALUES (59,2,18,NULL);
INSERT INTO a_ete_vu(numreleve,numespece,nbOiseau,estimationoiseau) VALUES (59,3,25,NULL);
INSERT INTO a_ete_vu(numreleve,numespece,nbOiseau,estimationoiseau) VALUES (59,4,23,NULL);
INSERT INTO a_ete_vu(numreleve,numespece,nbOiseau,estimationoiseau) VALUES (59,5,23,NULL);
INSERT INTO a_ete_vu(numreleve,numespece,nbOiseau,estimationoiseau) VALUES (59,6,34,NULL);
INSERT INTO a_ete_vu(numreleve,numespece,nbOiseau,estimationoiseau) VALUES (59,7,7,NULL);
INSERT INTO a_ete_vu(numreleve,numespece,nbOiseau,estimationoiseau) VALUES (59,10,22,NULL);
INSERT INTO a_ete_vu(numreleve,numespece,nbOiseau,estimationoiseau) VALUES (59,11,25,NULL);
INSERT INTO a_ete_vu(numreleve,numespece,nbOiseau,estimationoiseau) VALUES (59,12,12,NULL);
INSERT INTO a_ete_vu(numreleve,numespece,nbOiseau,estimationoiseau) VALUES (59,15,17,NULL);
INSERT INTO a_ete_vu(numreleve,numespece,nbOiseau,estimationoiseau) VALUES (59,17,13,NULL);
INSERT INTO a_ete_vu(numreleve,numespece,nbOiseau,estimationoiseau) VALUES (59,20,15,NULL);
INSERT INTO a_ete_vu(numreleve,numespece,nbOiseau,estimationoiseau) VALUES (60,1,19,NULL);
INSERT INTO a_ete_vu(numreleve,numespece,nbOiseau,estimationoiseau) VALUES (60,3,14,NULL);
INSERT INTO a_ete_vu(numreleve,numespece,nbOiseau,estimationoiseau) VALUES (60,4,17,NULL);
INSERT INTO a_ete_vu(numreleve,numespece,nbOiseau,estimationoiseau) VALUES (60,5,15,NULL);
INSERT INTO a_ete_vu(numreleve,numespece,nbOiseau,estimationoiseau) VALUES (60,10,13,NULL);
INSERT INTO a_ete_vu(numreleve,numespece,nbOiseau,estimationoiseau) VALUES (60,11,8,NULL);
INSERT INTO a_ete_vu(numreleve,numespece,nbOiseau,estimationoiseau) VALUES (60,13,11,NULL);
INSERT INTO a_ete_vu(numreleve,numespece,nbOiseau,estimationoiseau) VALUES (60,16,10,NULL);
INSERT INTO a_ete_vu(numreleve,numespece,nbOiseau,estimationoiseau) VALUES (60,17,13,NULL);
INSERT INTO a_ete_vu(numreleve,numespece,nbOiseau,estimationoiseau) VALUES (60,20,13,NULL);
INSERT INTO a_ete_vu(numreleve,numespece,nbOiseau,estimationoiseau) VALUES (61,2,17,NULL);
INSERT INTO a_ete_vu(numreleve,numespece,nbOiseau,estimationoiseau) VALUES (61,3,12,NULL);
INSERT INTO a_ete_vu(numreleve,numespece,nbOiseau,estimationoiseau) VALUES (61,4,17,NULL);
INSERT INTO a_ete_vu(numreleve,numespece,nbOiseau,estimationoiseau) VALUES (61,5,15,NULL);
INSERT INTO a_ete_vu(numreleve,numespece,nbOiseau,estimationoiseau) VALUES (61,6,11,NULL);
INSERT INTO a_ete_vu(numreleve,numespece,nbOiseau,estimationoiseau) VALUES (61,7,20,NULL);
INSERT INTO a_ete_vu(numreleve,numespece,nbOiseau,estimationoiseau) VALUES (61,8,10,NULL);
INSERT INTO a_ete_vu(numreleve,numespece,nbOiseau,estimationoiseau) VALUES (61,9,20,NULL);
INSERT INTO a_ete_vu(numreleve,numespece,nbOiseau,estimationoiseau) VALUES (61,10,17,NULL);
INSERT INTO a_ete_vu(numreleve,numespece,nbOiseau,estimationoiseau) VALUES (61,11,10,NULL);
INSERT INTO a_ete_vu(numreleve,numespece,nbOiseau,estimationoiseau) VALUES (61,13,14,NULL);
INSERT INTO a_ete_vu(numreleve,numespece,nbOiseau,estimationoiseau) VALUES (61,14,14,NULL);
INSERT INTO a_ete_vu(numreleve,numespece,nbOiseau,estimationoiseau) VALUES (61,15,14,NULL);
INSERT INTO a_ete_vu(numreleve,numespece,nbOiseau,estimationoiseau) VALUES (61,18,16,NULL);
INSERT INTO a_ete_vu(numreleve,numespece,nbOiseau,estimationoiseau) VALUES (61,20,9,NULL);
INSERT INTO a_ete_vu(numreleve,numespece,nbOiseau,estimationoiseau) VALUES (62,1,10,NULL);
INSERT INTO a_ete_vu(numreleve,numespece,nbOiseau,estimationoiseau) VALUES (62,2,5,NULL);
INSERT INTO a_ete_vu(numreleve,numespece,nbOiseau,estimationoiseau) VALUES (62,3,14,NULL);
INSERT INTO a_ete_vu(numreleve,numespece,nbOiseau,estimationoiseau) VALUES (62,4,6,NULL);
INSERT INTO a_ete_vu(numreleve,numespece,nbOiseau,estimationoiseau) VALUES (62,5,9,NULL);
INSERT INTO a_ete_vu(numreleve,numespece,nbOiseau,estimationoiseau) VALUES (62,8,10,NULL);
INSERT INTO a_ete_vu(numreleve,numespece,nbOiseau,estimationoiseau) VALUES (62,9,7,NULL);
INSERT INTO a_ete_vu(numreleve,numespece,nbOiseau,estimationoiseau) VALUES (62,10,7,NULL);
INSERT INTO a_ete_vu(numreleve,numespece,nbOiseau,estimationoiseau) VALUES (62,11,13,NULL);
INSERT INTO a_ete_vu(numreleve,numespece,nbOiseau,estimationoiseau) VALUES (62,14,7,NULL);
INSERT INTO a_ete_vu(numreleve,numespece,nbOiseau,estimationoiseau) VALUES (62,15,3,NULL);
INSERT INTO a_ete_vu(numreleve,numespece,nbOiseau,estimationoiseau) VALUES (62,17,6,NULL);
INSERT INTO a_ete_vu(numreleve,numespece,nbOiseau,estimationoiseau) VALUES (62,19,7,NULL);
INSERT INTO a_ete_vu(numreleve,numespece,nbOiseau,estimationoiseau) VALUES (62,20,6,NULL);
INSERT INTO a_ete_vu(numreleve,numespece,nbOiseau,estimationoiseau) VALUES (63,4,2,NULL);
INSERT INTO a_ete_vu(numreleve,numespece,nbOiseau,estimationoiseau) VALUES (63,5,2,NULL);
INSERT INTO a_ete_vu(numreleve,numespece,nbOiseau,estimationoiseau) VALUES (63,6,3,NULL);
INSERT INTO a_ete_vu(numreleve,numespece,nbOiseau,estimationoiseau) VALUES (63,7,5,NULL);
INSERT INTO a_ete_vu(numreleve,numespece,nbOiseau,estimationoiseau) VALUES (63,9,3,NULL);
INSERT INTO a_ete_vu(numreleve,numespece,nbOiseau,estimationoiseau) VALUES (63,10,3,NULL);
INSERT INTO a_ete_vu(numreleve,numespece,nbOiseau,estimationoiseau) VALUES (63,12,2,NULL);
INSERT INTO a_ete_vu(numreleve,numespece,nbOiseau,estimationoiseau) VALUES (63,13,1,NULL);
INSERT INTO a_ete_vu(numreleve,numespece,nbOiseau,estimationoiseau) VALUES (63,14,1,NULL);
INSERT INTO a_ete_vu(numreleve,numespece,nbOiseau,estimationoiseau) VALUES (63,19,1,NULL);
INSERT INTO a_ete_vu(numreleve,numespece,nbOiseau,estimationoiseau) VALUES (63,20,2,NULL);
INSERT INTO a_ete_vu(numreleve,numespece,nbOiseau,estimationoiseau) VALUES (64,1,21,NULL);
INSERT INTO a_ete_vu(numreleve,numespece,nbOiseau,estimationoiseau) VALUES (64,2,9,NULL);
INSERT INTO a_ete_vu(numreleve,numespece,nbOiseau,estimationoiseau) VALUES (64,3,4,NULL);
INSERT INTO a_ete_vu(numreleve,numespece,nbOiseau,estimationoiseau) VALUES (64,6,20,NULL);
INSERT INTO a_ete_vu(numreleve,numespece,nbOiseau,estimationoiseau) VALUES (64,7,16,NULL);
INSERT INTO a_ete_vu(numreleve,numespece,nbOiseau,estimationoiseau) VALUES (64,9,12,NULL);
INSERT INTO a_ete_vu(numreleve,numespece,nbOiseau,estimationoiseau) VALUES (64,11,9,NULL);
INSERT INTO a_ete_vu(numreleve,numespece,nbOiseau,estimationoiseau) VALUES (64,12,13,NULL);
INSERT INTO a_ete_vu(numreleve,numespece,nbOiseau,estimationoiseau) VALUES (64,14,16,NULL);
INSERT INTO a_ete_vu(numreleve,numespece,nbOiseau,estimationoiseau) VALUES (64,15,13,NULL);
INSERT INTO a_ete_vu(numreleve,numespece,nbOiseau,estimationoiseau) VALUES (64,16,7,NULL);
INSERT INTO a_ete_vu(numreleve,numespece,nbOiseau,estimationoiseau) VALUES (64,17,12,NULL);
INSERT INTO a_ete_vu(numreleve,numespece,nbOiseau,estimationoiseau) VALUES (64,19,10,NULL);
INSERT INTO a_ete_vu(numreleve,numespece,nbOiseau,estimationoiseau) VALUES (64,20,9,NULL);
INSERT INTO a_ete_vu(numreleve,numespece,nbOiseau,estimationoiseau) VALUES (65,1,11,NULL);
INSERT INTO a_ete_vu(numreleve,numespece,nbOiseau,estimationoiseau) VALUES (65,2,10,NULL);
INSERT INTO a_ete_vu(numreleve,numespece,nbOiseau,estimationoiseau) VALUES (65,4,10,NULL);
INSERT INTO a_ete_vu(numreleve,numespece,nbOiseau,estimationoiseau) VALUES (65,6,7,NULL);
INSERT INTO a_ete_vu(numreleve,numespece,nbOiseau,estimationoiseau) VALUES (65,7,6,NULL);
INSERT INTO a_ete_vu(numreleve,numespece,nbOiseau,estimationoiseau) VALUES (65,8,8,NULL);
INSERT INTO a_ete_vu(numreleve,numespece,nbOiseau,estimationoiseau) VALUES (65,11,11,NULL);
INSERT INTO a_ete_vu(numreleve,numespece,nbOiseau,estimationoiseau) VALUES (65,12,10,NULL);
INSERT INTO a_ete_vu(numreleve,numespece,nbOiseau,estimationoiseau) VALUES (65,13,7,NULL);
INSERT INTO a_ete_vu(numreleve,numespece,nbOiseau,estimationoiseau) VALUES (65,14,5,NULL);
INSERT INTO a_ete_vu(numreleve,numespece,nbOiseau,estimationoiseau) VALUES (65,15,6,NULL);
INSERT INTO a_ete_vu(numreleve,numespece,nbOiseau,estimationoiseau) VALUES (65,16,7,NULL);
INSERT INTO a_ete_vu(numreleve,numespece,nbOiseau,estimationoiseau) VALUES (65,18,10,NULL);
INSERT INTO a_ete_vu(numreleve,numespece,nbOiseau,estimationoiseau) VALUES (65,19,9,NULL);
INSERT INTO a_ete_vu(numreleve,numespece,nbOiseau,estimationoiseau) VALUES (65,20,6,NULL);
INSERT INTO a_ete_vu(numreleve,numespece,nbOiseau,estimationoiseau) VALUES (66,1,11,NULL);
INSERT INTO a_ete_vu(numreleve,numespece,nbOiseau,estimationoiseau) VALUES (66,2,14,NULL);
INSERT INTO a_ete_vu(numreleve,numespece,nbOiseau,estimationoiseau) VALUES (66,3,12,NULL);
INSERT INTO a_ete_vu(numreleve,numespece,nbOiseau,estimationoiseau) VALUES (66,4,22,NULL);
INSERT INTO a_ete_vu(numreleve,numespece,nbOiseau,estimationoiseau) VALUES (66,5,12,NULL);
INSERT INTO a_ete_vu(numreleve,numespece,nbOiseau,estimationoiseau) VALUES (66,6,15,NULL);
INSERT INTO a_ete_vu(numreleve,numespece,nbOiseau,estimationoiseau) VALUES (66,7,9,NULL);
INSERT INTO a_ete_vu(numreleve,numespece,nbOiseau,estimationoiseau) VALUES (66,8,10,NULL);
INSERT INTO a_ete_vu(numreleve,numespece,nbOiseau,estimationoiseau) VALUES (66,9,12,NULL);
INSERT INTO a_ete_vu(numreleve,numespece,nbOiseau,estimationoiseau) VALUES (66,10,16,NULL);
INSERT INTO a_ete_vu(numreleve,numespece,nbOiseau,estimationoiseau) VALUES (66,11,11,NULL);
INSERT INTO a_ete_vu(numreleve,numespece,nbOiseau,estimationoiseau) VALUES (66,12,19,NULL);
INSERT INTO a_ete_vu(numreleve,numespece,nbOiseau,estimationoiseau) VALUES (66,15,10,NULL);
INSERT INTO a_ete_vu(numreleve,numespece,nbOiseau,estimationoiseau) VALUES (66,17,18,NULL);
INSERT INTO a_ete_vu(numreleve,numespece,nbOiseau,estimationoiseau) VALUES (66,18,13,NULL);
INSERT INTO a_ete_vu(numreleve,numespece,nbOiseau,estimationoiseau) VALUES (66,19,12,NULL);
INSERT INTO a_ete_vu(numreleve,numespece,nbOiseau,estimationoiseau) VALUES (67,1,10,NULL);
INSERT INTO a_ete_vu(numreleve,numespece,nbOiseau,estimationoiseau) VALUES (67,2,11,NULL);
INSERT INTO a_ete_vu(numreleve,numespece,nbOiseau,estimationoiseau) VALUES (67,3,11,NULL);
INSERT INTO a_ete_vu(numreleve,numespece,nbOiseau,estimationoiseau) VALUES (67,5,5,NULL);
INSERT INTO a_ete_vu(numreleve,numespece,nbOiseau,estimationoiseau) VALUES (67,6,8,NULL);
INSERT INTO a_ete_vu(numreleve,numespece,nbOiseau,estimationoiseau) VALUES (67,7,6,NULL);
INSERT INTO a_ete_vu(numreleve,numespece,nbOiseau,estimationoiseau) VALUES (67,8,7,NULL);
INSERT INTO a_ete_vu(numreleve,numespece,nbOiseau,estimationoiseau) VALUES (67,9,11,NULL);
INSERT INTO a_ete_vu(numreleve,numespece,nbOiseau,estimationoiseau) VALUES (67,10,8,NULL);
INSERT INTO a_ete_vu(numreleve,numespece,nbOiseau,estimationoiseau) VALUES (67,11,8,NULL);
INSERT INTO a_ete_vu(numreleve,numespece,nbOiseau,estimationoiseau) VALUES (67,12,8,NULL);
INSERT INTO a_ete_vu(numreleve,numespece,nbOiseau,estimationoiseau) VALUES (67,13,10,NULL);
INSERT INTO a_ete_vu(numreleve,numespece,nbOiseau,estimationoiseau) VALUES (67,14,8,NULL);
INSERT INTO a_ete_vu(numreleve,numespece,nbOiseau,estimationoiseau) VALUES (67,15,8,NULL);
INSERT INTO a_ete_vu(numreleve,numespece,nbOiseau,estimationoiseau) VALUES (67,16,10,NULL);
INSERT INTO a_ete_vu(numreleve,numespece,nbOiseau,estimationoiseau) VALUES (67,17,9,NULL);
INSERT INTO a_ete_vu(numreleve,numespece,nbOiseau,estimationoiseau) VALUES (67,18,7,NULL);
INSERT INTO a_ete_vu(numreleve,numespece,nbOiseau,estimationoiseau) VALUES (67,19,10,NULL);
INSERT INTO a_ete_vu(numreleve,numespece,nbOiseau,estimationoiseau) VALUES (68,1,9,NULL);
INSERT INTO a_ete_vu(numreleve,numespece,nbOiseau,estimationoiseau) VALUES (68,2,15,NULL);
INSERT INTO a_ete_vu(numreleve,numespece,nbOiseau,estimationoiseau) VALUES (68,3,11,NULL);
INSERT INTO a_ete_vu(numreleve,numespece,nbOiseau,estimationoiseau) VALUES (68,4,11,NULL);
INSERT INTO a_ete_vu(numreleve,numespece,nbOiseau,estimationoiseau) VALUES (68,6,10,NULL);
INSERT INTO a_ete_vu(numreleve,numespece,nbOiseau,estimationoiseau) VALUES (68,7,11,NULL);
INSERT INTO a_ete_vu(numreleve,numespece,nbOiseau,estimationoiseau) VALUES (68,8,7,NULL);
INSERT INTO a_ete_vu(numreleve,numespece,nbOiseau,estimationoiseau) VALUES (68,9,18,NULL);
INSERT INTO a_ete_vu(numreleve,numespece,nbOiseau,estimationoiseau) VALUES (68,10,17,NULL);
INSERT INTO a_ete_vu(numreleve,numespece,nbOiseau,estimationoiseau) VALUES (68,11,9,NULL);
INSERT INTO a_ete_vu(numreleve,numespece,nbOiseau,estimationoiseau) VALUES (68,12,8,NULL);
INSERT INTO a_ete_vu(numreleve,numespece,nbOiseau,estimationoiseau) VALUES (68,13,15,NULL);
INSERT INTO a_ete_vu(numreleve,numespece,nbOiseau,estimationoiseau) VALUES (68,14,10,NULL);
INSERT INTO a_ete_vu(numreleve,numespece,nbOiseau,estimationoiseau) VALUES (68,15,11,NULL);
INSERT INTO a_ete_vu(numreleve,numespece,nbOiseau,estimationoiseau) VALUES (68,16,11,NULL);
INSERT INTO a_ete_vu(numreleve,numespece,nbOiseau,estimationoiseau) VALUES (68,18,10,NULL);
INSERT INTO a_ete_vu(numreleve,numespece,nbOiseau,estimationoiseau) VALUES (68,19,12,NULL);
INSERT INTO a_ete_vu(numreleve,numespece,nbOiseau,estimationoiseau) VALUES (69,2,13,NULL);
INSERT INTO a_ete_vu(numreleve,numespece,nbOiseau,estimationoiseau) VALUES (69,3,8,NULL);
INSERT INTO a_ete_vu(numreleve,numespece,nbOiseau,estimationoiseau) VALUES (69,5,11,NULL);
INSERT INTO a_ete_vu(numreleve,numespece,nbOiseau,estimationoiseau) VALUES (69,6,18,NULL);
INSERT INTO a_ete_vu(numreleve,numespece,nbOiseau,estimationoiseau) VALUES (69,7,11,NULL);
INSERT INTO a_ete_vu(numreleve,numespece,nbOiseau,estimationoiseau) VALUES (69,8,8,NULL);
INSERT INTO a_ete_vu(numreleve,numespece,nbOiseau,estimationoiseau) VALUES (69,10,14,NULL);
INSERT INTO a_ete_vu(numreleve,numespece,nbOiseau,estimationoiseau) VALUES (69,11,10,NULL);
INSERT INTO a_ete_vu(numreleve,numespece,nbOiseau,estimationoiseau) VALUES (69,12,13,NULL);
INSERT INTO a_ete_vu(numreleve,numespece,nbOiseau,estimationoiseau) VALUES (69,14,12,NULL);
INSERT INTO a_ete_vu(numreleve,numespece,nbOiseau,estimationoiseau) VALUES (69,15,5,NULL);
INSERT INTO a_ete_vu(numreleve,numespece,nbOiseau,estimationoiseau) VALUES (69,16,14,NULL);
INSERT INTO a_ete_vu(numreleve,numespece,nbOiseau,estimationoiseau) VALUES (69,17,13,NULL);
INSERT INTO a_ete_vu(numreleve,numespece,nbOiseau,estimationoiseau) VALUES (69,18,14,NULL);
INSERT INTO a_ete_vu(numreleve,numespece,nbOiseau,estimationoiseau) VALUES (70,4,1,NULL);
INSERT INTO a_ete_vu(numreleve,numespece,nbOiseau,estimationoiseau) VALUES (70,5,2,NULL);
INSERT INTO a_ete_vu(numreleve,numespece,nbOiseau,estimationoiseau) VALUES (70,6,3,NULL);
INSERT INTO a_ete_vu(numreleve,numespece,nbOiseau,estimationoiseau) VALUES (70,7,2,NULL);
INSERT INTO a_ete_vu(numreleve,numespece,nbOiseau,estimationoiseau) VALUES (70,8,2,NULL);
INSERT INTO a_ete_vu(numreleve,numespece,nbOiseau,estimationoiseau) VALUES (70,11,2,NULL);
INSERT INTO a_ete_vu(numreleve,numespece,nbOiseau,estimationoiseau) VALUES (70,12,3,NULL);
INSERT INTO a_ete_vu(numreleve,numespece,nbOiseau,estimationoiseau) VALUES (70,13,1,NULL);
INSERT INTO a_ete_vu(numreleve,numespece,nbOiseau,estimationoiseau) VALUES (70,17,1,NULL);
INSERT INTO a_ete_vu(numreleve,numespece,nbOiseau,estimationoiseau) VALUES (70,19,3,NULL);
INSERT INTO a_ete_vu(numreleve,numespece,nbOiseau,estimationoiseau) VALUES (70,20,2,NULL);
INSERT INTO a_ete_vu(numreleve,numespece,nbOiseau,estimationoiseau) VALUES (71,2,13,NULL);
INSERT INTO a_ete_vu(numreleve,numespece,nbOiseau,estimationoiseau) VALUES (71,3,15,NULL);
INSERT INTO a_ete_vu(numreleve,numespece,nbOiseau,estimationoiseau) VALUES (71,4,3,NULL);
INSERT INTO a_ete_vu(numreleve,numespece,nbOiseau,estimationoiseau) VALUES (71,5,6,NULL);
INSERT INTO a_ete_vu(numreleve,numespece,nbOiseau,estimationoiseau) VALUES (71,6,24,NULL);
INSERT INTO a_ete_vu(numreleve,numespece,nbOiseau,estimationoiseau) VALUES (71,7,12,NULL);
INSERT INTO a_ete_vu(numreleve,numespece,nbOiseau,estimationoiseau) VALUES (71,8,17,NULL);
INSERT INTO a_ete_vu(numreleve,numespece,nbOiseau,estimationoiseau) VALUES (71,9,18,NULL);
INSERT INTO a_ete_vu(numreleve,numespece,nbOiseau,estimationoiseau) VALUES (71,11,3,NULL);
INSERT INTO a_ete_vu(numreleve,numespece,nbOiseau,estimationoiseau) VALUES (71,13,7,NULL);
INSERT INTO a_ete_vu(numreleve,numespece,nbOiseau,estimationoiseau) VALUES (71,15,4,NULL);
INSERT INTO a_ete_vu(numreleve,numespece,nbOiseau,estimationoiseau) VALUES (71,16,6,NULL);
INSERT INTO a_ete_vu(numreleve,numespece,nbOiseau,estimationoiseau) VALUES (71,18,9,NULL);
INSERT INTO a_ete_vu(numreleve,numespece,nbOiseau,estimationoiseau) VALUES (71,19,5,NULL);
INSERT INTO a_ete_vu(numreleve,numespece,nbOiseau,estimationoiseau) VALUES (72,2,10,NULL);
INSERT INTO a_ete_vu(numreleve,numespece,nbOiseau,estimationoiseau) VALUES (72,3,3,NULL);
INSERT INTO a_ete_vu(numreleve,numespece,nbOiseau,estimationoiseau) VALUES (72,4,3,NULL);
INSERT INTO a_ete_vu(numreleve,numespece,nbOiseau,estimationoiseau) VALUES (72,5,6,NULL);
INSERT INTO a_ete_vu(numreleve,numespece,nbOiseau,estimationoiseau) VALUES (72,6,3,NULL);
INSERT INTO a_ete_vu(numreleve,numespece,nbOiseau,estimationoiseau) VALUES (72,8,11,NULL);
INSERT INTO a_ete_vu(numreleve,numespece,nbOiseau,estimationoiseau) VALUES (72,11,10,NULL);
INSERT INTO a_ete_vu(numreleve,numespece,nbOiseau,estimationoiseau) VALUES (72,12,5,NULL);
INSERT INTO a_ete_vu(numreleve,numespece,nbOiseau,estimationoiseau) VALUES (72,13,10,NULL);
INSERT INTO a_ete_vu(numreleve,numespece,nbOiseau,estimationoiseau) VALUES (72,14,12,NULL);
INSERT INTO a_ete_vu(numreleve,numespece,nbOiseau,estimationoiseau) VALUES (72,15,3,NULL);
INSERT INTO a_ete_vu(numreleve,numespece,nbOiseau,estimationoiseau) VALUES (72,16,8,NULL);
INSERT INTO a_ete_vu(numreleve,numespece,nbOiseau,estimationoiseau) VALUES (72,17,8,NULL);
INSERT INTO a_ete_vu(numreleve,numespece,nbOiseau,estimationoiseau) VALUES (72,19,6,NULL);
INSERT INTO a_ete_vu(numreleve,numespece,nbOiseau,estimationoiseau) VALUES (73,1,8,NULL);
INSERT INTO a_ete_vu(numreleve,numespece,nbOiseau,estimationoiseau) VALUES (73,2,12,NULL);
INSERT INTO a_ete_vu(numreleve,numespece,nbOiseau,estimationoiseau) VALUES (73,4,6,NULL);
INSERT INTO a_ete_vu(numreleve,numespece,nbOiseau,estimationoiseau) VALUES (73,7,6,NULL);
INSERT INTO a_ete_vu(numreleve,numespece,nbOiseau,estimationoiseau) VALUES (73,10,8,NULL);
INSERT INTO a_ete_vu(numreleve,numespece,nbOiseau,estimationoiseau) VALUES (73,11,5,NULL);
INSERT INTO a_ete_vu(numreleve,numespece,nbOiseau,estimationoiseau) VALUES (73,13,4,NULL);
INSERT INTO a_ete_vu(numreleve,numespece,nbOiseau,estimationoiseau) VALUES (73,15,5,NULL);
INSERT INTO a_ete_vu(numreleve,numespece,nbOiseau,estimationoiseau) VALUES (73,16,8,NULL);
INSERT INTO a_ete_vu(numreleve,numespece,nbOiseau,estimationoiseau) VALUES (73,20,14,NULL);
INSERT INTO a_ete_vu(numreleve,numespece,nbOiseau,estimationoiseau) VALUES (74,1,10,NULL);
INSERT INTO a_ete_vu(numreleve,numespece,nbOiseau,estimationoiseau) VALUES (74,2,10,NULL);
INSERT INTO a_ete_vu(numreleve,numespece,nbOiseau,estimationoiseau) VALUES (74,3,5,NULL);
INSERT INTO a_ete_vu(numreleve,numespece,nbOiseau,estimationoiseau) VALUES (74,4,8,NULL);
INSERT INTO a_ete_vu(numreleve,numespece,nbOiseau,estimationoiseau) VALUES (74,6,5,NULL);
INSERT INTO a_ete_vu(numreleve,numespece,nbOiseau,estimationoiseau) VALUES (74,7,9,NULL);
INSERT INTO a_ete_vu(numreleve,numespece,nbOiseau,estimationoiseau) VALUES (74,8,13,NULL);
INSERT INTO a_ete_vu(numreleve,numespece,nbOiseau,estimationoiseau) VALUES (74,9,8,NULL);
INSERT INTO a_ete_vu(numreleve,numespece,nbOiseau,estimationoiseau) VALUES (74,10,8,NULL);
INSERT INTO a_ete_vu(numreleve,numespece,nbOiseau,estimationoiseau) VALUES (74,12,6,NULL);
INSERT INTO a_ete_vu(numreleve,numespece,nbOiseau,estimationoiseau) VALUES (74,13,9,NULL);
INSERT INTO a_ete_vu(numreleve,numespece,nbOiseau,estimationoiseau) VALUES (74,14,6,NULL);
INSERT INTO a_ete_vu(numreleve,numespece,nbOiseau,estimationoiseau) VALUES (74,15,7,NULL);
INSERT INTO a_ete_vu(numreleve,numespece,nbOiseau,estimationoiseau) VALUES (74,16,11,NULL);
INSERT INTO a_ete_vu(numreleve,numespece,nbOiseau,estimationoiseau) VALUES (74,17,9,NULL);
INSERT INTO a_ete_vu(numreleve,numespece,nbOiseau,estimationoiseau) VALUES (74,18,3,NULL);
INSERT INTO a_ete_vu(numreleve,numespece,nbOiseau,estimationoiseau) VALUES (75,4,13,NULL);
INSERT INTO a_ete_vu(numreleve,numespece,nbOiseau,estimationoiseau) VALUES (75,5,22,NULL);
INSERT INTO a_ete_vu(numreleve,numespece,nbOiseau,estimationoiseau) VALUES (75,6,3,NULL);
INSERT INTO a_ete_vu(numreleve,numespece,nbOiseau,estimationoiseau) VALUES (75,7,12,NULL);
INSERT INTO a_ete_vu(numreleve,numespece,nbOiseau,estimationoiseau) VALUES (75,10,14,NULL);
INSERT INTO a_ete_vu(numreleve,numespece,nbOiseau,estimationoiseau) VALUES (75,11,2,NULL);
INSERT INTO a_ete_vu(numreleve,numespece,nbOiseau,estimationoiseau) VALUES (75,13,13,NULL);
INSERT INTO a_ete_vu(numreleve,numespece,nbOiseau,estimationoiseau) VALUES (75,14,7,NULL);
INSERT INTO a_ete_vu(numreleve,numespece,nbOiseau,estimationoiseau) VALUES (75,17,7,NULL);
INSERT INTO a_ete_vu(numreleve,numespece,nbOiseau,estimationoiseau) VALUES (75,18,9,NULL);
INSERT INTO a_ete_vu(numreleve,numespece,nbOiseau,estimationoiseau) VALUES (76,1,5,NULL);
INSERT INTO a_ete_vu(numreleve,numespece,nbOiseau,estimationoiseau) VALUES (76,2,9,NULL);
INSERT INTO a_ete_vu(numreleve,numespece,nbOiseau,estimationoiseau) VALUES (76,3,10,NULL);
INSERT INTO a_ete_vu(numreleve,numespece,nbOiseau,estimationoiseau) VALUES (76,4,6,NULL);
INSERT INTO a_ete_vu(numreleve,numespece,nbOiseau,estimationoiseau) VALUES (76,5,6,NULL);
INSERT INTO a_ete_vu(numreleve,numespece,nbOiseau,estimationoiseau) VALUES (76,6,11,NULL);
INSERT INTO a_ete_vu(numreleve,numespece,nbOiseau,estimationoiseau) VALUES (76,7,6,NULL);
INSERT INTO a_ete_vu(numreleve,numespece,nbOiseau,estimationoiseau) VALUES (76,8,6,NULL);
INSERT INTO a_ete_vu(numreleve,numespece,nbOiseau,estimationoiseau) VALUES (76,9,7,NULL);
INSERT INTO a_ete_vu(numreleve,numespece,nbOiseau,estimationoiseau) VALUES (76,10,10,NULL);
INSERT INTO a_ete_vu(numreleve,numespece,nbOiseau,estimationoiseau) VALUES (76,11,8,NULL);
INSERT INTO a_ete_vu(numreleve,numespece,nbOiseau,estimationoiseau) VALUES (76,12,9,NULL);
INSERT INTO a_ete_vu(numreleve,numespece,nbOiseau,estimationoiseau) VALUES (76,13,4,NULL);
INSERT INTO a_ete_vu(numreleve,numespece,nbOiseau,estimationoiseau) VALUES (76,15,10,NULL);
INSERT INTO a_ete_vu(numreleve,numespece,nbOiseau,estimationoiseau) VALUES (76,16,7,NULL);
INSERT INTO a_ete_vu(numreleve,numespece,nbOiseau,estimationoiseau) VALUES (76,18,9,NULL);
INSERT INTO a_ete_vu(numreleve,numespece,nbOiseau,estimationoiseau) VALUES (76,19,2,NULL);
INSERT INTO a_ete_vu(numreleve,numespece,nbOiseau,estimationoiseau) VALUES (77,2,8,NULL);
INSERT INTO a_ete_vu(numreleve,numespece,nbOiseau,estimationoiseau) VALUES (77,3,12,NULL);
INSERT INTO a_ete_vu(numreleve,numespece,nbOiseau,estimationoiseau) VALUES (77,4,14,NULL);
INSERT INTO a_ete_vu(numreleve,numespece,nbOiseau,estimationoiseau) VALUES (77,5,10,NULL);
INSERT INTO a_ete_vu(numreleve,numespece,nbOiseau,estimationoiseau) VALUES (77,9,12,NULL);
INSERT INTO a_ete_vu(numreleve,numespece,nbOiseau,estimationoiseau) VALUES (77,10,5,NULL);
INSERT INTO a_ete_vu(numreleve,numespece,nbOiseau,estimationoiseau) VALUES (77,11,9,NULL);
INSERT INTO a_ete_vu(numreleve,numespece,nbOiseau,estimationoiseau) VALUES (77,12,17,NULL);
INSERT INTO a_ete_vu(numreleve,numespece,nbOiseau,estimationoiseau) VALUES (77,13,11,NULL);
INSERT INTO a_ete_vu(numreleve,numespece,nbOiseau,estimationoiseau) VALUES (77,14,17,NULL);
INSERT INTO a_ete_vu(numreleve,numespece,nbOiseau,estimationoiseau) VALUES (77,15,6,NULL);
INSERT INTO a_ete_vu(numreleve,numespece,nbOiseau,estimationoiseau) VALUES (77,16,17,NULL);
INSERT INTO a_ete_vu(numreleve,numespece,nbOiseau,estimationoiseau) VALUES (77,17,17,NULL);
INSERT INTO a_ete_vu(numreleve,numespece,nbOiseau,estimationoiseau) VALUES (77,19,12,NULL);
INSERT INTO a_ete_vu(numreleve,numespece,nbOiseau,estimationoiseau) VALUES (77,20,10,NULL);
INSERT INTO a_ete_vu(numreleve,numespece,nbOiseau,estimationoiseau) VALUES (78,1,5,NULL);
INSERT INTO a_ete_vu(numreleve,numespece,nbOiseau,estimationoiseau) VALUES (78,4,18,NULL);
INSERT INTO a_ete_vu(numreleve,numespece,nbOiseau,estimationoiseau) VALUES (78,5,16,NULL);
INSERT INTO a_ete_vu(numreleve,numespece,nbOiseau,estimationoiseau) VALUES (78,6,10,NULL);
INSERT INTO a_ete_vu(numreleve,numespece,nbOiseau,estimationoiseau) VALUES (78,7,18,NULL);
INSERT INTO a_ete_vu(numreleve,numespece,nbOiseau,estimationoiseau) VALUES (78,8,9,NULL);
INSERT INTO a_ete_vu(numreleve,numespece,nbOiseau,estimationoiseau) VALUES (78,10,17,NULL);
INSERT INTO a_ete_vu(numreleve,numespece,nbOiseau,estimationoiseau) VALUES (78,11,11,NULL);
INSERT INTO a_ete_vu(numreleve,numespece,nbOiseau,estimationoiseau) VALUES (78,12,15,NULL);
INSERT INTO a_ete_vu(numreleve,numespece,nbOiseau,estimationoiseau) VALUES (78,13,18,NULL);
INSERT INTO a_ete_vu(numreleve,numespece,nbOiseau,estimationoiseau) VALUES (78,16,15,NULL);
INSERT INTO a_ete_vu(numreleve,numespece,nbOiseau,estimationoiseau) VALUES (78,17,5,NULL);
INSERT INTO a_ete_vu(numreleve,numespece,nbOiseau,estimationoiseau) VALUES (78,20,10,NULL);
INSERT INTO a_ete_vu(numreleve,numespece,nbOiseau,estimationoiseau) VALUES (79,1,18,NULL);
INSERT INTO a_ete_vu(numreleve,numespece,nbOiseau,estimationoiseau) VALUES (79,3,10,NULL);
INSERT INTO a_ete_vu(numreleve,numespece,nbOiseau,estimationoiseau) VALUES (79,4,2,NULL);
INSERT INTO a_ete_vu(numreleve,numespece,nbOiseau,estimationoiseau) VALUES (79,5,11,NULL);
INSERT INTO a_ete_vu(numreleve,numespece,nbOiseau,estimationoiseau) VALUES (79,6,10,NULL);
INSERT INTO a_ete_vu(numreleve,numespece,nbOiseau,estimationoiseau) VALUES (79,8,10,NULL);
INSERT INTO a_ete_vu(numreleve,numespece,nbOiseau,estimationoiseau) VALUES (79,9,8,NULL);
INSERT INTO a_ete_vu(numreleve,numespece,nbOiseau,estimationoiseau) VALUES (79,10,14,NULL);
INSERT INTO a_ete_vu(numreleve,numespece,nbOiseau,estimationoiseau) VALUES (79,11,6,NULL);
INSERT INTO a_ete_vu(numreleve,numespece,nbOiseau,estimationoiseau) VALUES (79,13,13,NULL);
INSERT INTO a_ete_vu(numreleve,numespece,nbOiseau,estimationoiseau) VALUES (79,15,10,NULL);
INSERT INTO a_ete_vu(numreleve,numespece,nbOiseau,estimationoiseau) VALUES (79,16,15,NULL);
INSERT INTO a_ete_vu(numreleve,numespece,nbOiseau,estimationoiseau) VALUES (79,17,14,NULL);
INSERT INTO a_ete_vu(numreleve,numespece,nbOiseau,estimationoiseau) VALUES (79,18,19,NULL);
INSERT INTO a_ete_vu(numreleve,numespece,nbOiseau,estimationoiseau) VALUES (79,19,15,NULL);
INSERT INTO a_ete_vu(numreleve,numespece,nbOiseau,estimationoiseau) VALUES (79,20,19,NULL);
INSERT INTO a_ete_vu(numreleve,numespece,nbOiseau,estimationoiseau) VALUES (80,3,6,NULL);
INSERT INTO a_ete_vu(numreleve,numespece,nbOiseau,estimationoiseau) VALUES (80,4,11,NULL);
INSERT INTO a_ete_vu(numreleve,numespece,nbOiseau,estimationoiseau) VALUES (80,5,14,NULL);
INSERT INTO a_ete_vu(numreleve,numespece,nbOiseau,estimationoiseau) VALUES (80,7,7,NULL);
INSERT INTO a_ete_vu(numreleve,numespece,nbOiseau,estimationoiseau) VALUES (80,10,20,NULL);
INSERT INTO a_ete_vu(numreleve,numespece,nbOiseau,estimationoiseau) VALUES (80,11,11,NULL);
INSERT INTO a_ete_vu(numreleve,numespece,nbOiseau,estimationoiseau) VALUES (80,12,18,NULL);
INSERT INTO a_ete_vu(numreleve,numespece,nbOiseau,estimationoiseau) VALUES (80,14,11,NULL);
INSERT INTO a_ete_vu(numreleve,numespece,nbOiseau,estimationoiseau) VALUES (80,16,12,NULL);
INSERT INTO a_ete_vu(numreleve,numespece,nbOiseau,estimationoiseau) VALUES (80,17,16,NULL);
INSERT INTO a_ete_vu(numreleve,numespece,nbOiseau,estimationoiseau) VALUES (80,19,7,NULL);
INSERT INTO a_ete_vu(numreleve,numespece,nbOiseau,estimationoiseau) VALUES (80,20,13,NULL);
INSERT INTO a_ete_vu(numreleve,numespece,nbOiseau,estimationoiseau) VALUES (81,1,19,NULL);
INSERT INTO a_ete_vu(numreleve,numespece,nbOiseau,estimationoiseau) VALUES (81,2,16,NULL);
INSERT INTO a_ete_vu(numreleve,numespece,nbOiseau,estimationoiseau) VALUES (81,3,23,NULL);
INSERT INTO a_ete_vu(numreleve,numespece,nbOiseau,estimationoiseau) VALUES (81,4,9,NULL);
INSERT INTO a_ete_vu(numreleve,numespece,nbOiseau,estimationoiseau) VALUES (81,6,37,NULL);
INSERT INTO a_ete_vu(numreleve,numespece,nbOiseau,estimationoiseau) VALUES (81,7,8,NULL);
INSERT INTO a_ete_vu(numreleve,numespece,nbOiseau,estimationoiseau) VALUES (81,10,15,NULL);
INSERT INTO a_ete_vu(numreleve,numespece,nbOiseau,estimationoiseau) VALUES (81,11,11,NULL);
INSERT INTO a_ete_vu(numreleve,numespece,nbOiseau,estimationoiseau) VALUES (81,13,16,NULL);
INSERT INTO a_ete_vu(numreleve,numespece,nbOiseau,estimationoiseau) VALUES (81,14,17,NULL);
INSERT INTO a_ete_vu(numreleve,numespece,nbOiseau,estimationoiseau) VALUES (81,15,14,NULL);
INSERT INTO a_ete_vu(numreleve,numespece,nbOiseau,estimationoiseau) VALUES (81,18,18,NULL);
INSERT INTO a_ete_vu(numreleve,numespece,nbOiseau,estimationoiseau) VALUES (81,20,14,NULL);
INSERT INTO a_ete_vu(numreleve,numespece,nbOiseau,estimationoiseau) VALUES (82,1,2,NULL);
INSERT INTO a_ete_vu(numreleve,numespece,nbOiseau,estimationoiseau) VALUES (82,2,6,NULL);
INSERT INTO a_ete_vu(numreleve,numespece,nbOiseau,estimationoiseau) VALUES (82,3,5,NULL);
INSERT INTO a_ete_vu(numreleve,numespece,nbOiseau,estimationoiseau) VALUES (82,4,7,NULL);
INSERT INTO a_ete_vu(numreleve,numespece,nbOiseau,estimationoiseau) VALUES (82,6,1,NULL);
INSERT INTO a_ete_vu(numreleve,numespece,nbOiseau,estimationoiseau) VALUES (82,7,2,NULL);
INSERT INTO a_ete_vu(numreleve,numespece,nbOiseau,estimationoiseau) VALUES (82,8,6,NULL);
INSERT INTO a_ete_vu(numreleve,numespece,nbOiseau,estimationoiseau) VALUES (82,11,1,NULL);
INSERT INTO a_ete_vu(numreleve,numespece,nbOiseau,estimationoiseau) VALUES (82,12,3,NULL);
INSERT INTO a_ete_vu(numreleve,numespece,nbOiseau,estimationoiseau) VALUES (82,15,2,NULL);
INSERT INTO a_ete_vu(numreleve,numespece,nbOiseau,estimationoiseau) VALUES (82,17,6,NULL);
INSERT INTO a_ete_vu(numreleve,numespece,nbOiseau,estimationoiseau) VALUES (82,19,5,NULL);
INSERT INTO a_ete_vu(numreleve,numespece,nbOiseau,estimationoiseau) VALUES (82,20,3,NULL);
INSERT INTO a_ete_vu(numreleve,numespece,nbOiseau,estimationoiseau) VALUES (83,2,19,NULL);
INSERT INTO a_ete_vu(numreleve,numespece,nbOiseau,estimationoiseau) VALUES (83,3,19,NULL);
INSERT INTO a_ete_vu(numreleve,numespece,nbOiseau,estimationoiseau) VALUES (83,4,12,NULL);
INSERT INTO a_ete_vu(numreleve,numespece,nbOiseau,estimationoiseau) VALUES (83,5,18,NULL);
INSERT INTO a_ete_vu(numreleve,numespece,nbOiseau,estimationoiseau) VALUES (83,6,15,NULL);
INSERT INTO a_ete_vu(numreleve,numespece,nbOiseau,estimationoiseau) VALUES (83,7,10,NULL);
INSERT INTO a_ete_vu(numreleve,numespece,nbOiseau,estimationoiseau) VALUES (83,8,16,NULL);
INSERT INTO a_ete_vu(numreleve,numespece,nbOiseau,estimationoiseau) VALUES (83,10,5,NULL);
INSERT INTO a_ete_vu(numreleve,numespece,nbOiseau,estimationoiseau) VALUES (83,12,6,NULL);
INSERT INTO a_ete_vu(numreleve,numespece,nbOiseau,estimationoiseau) VALUES (83,15,14,NULL);
INSERT INTO a_ete_vu(numreleve,numespece,nbOiseau,estimationoiseau) VALUES (83,17,14,NULL);
INSERT INTO a_ete_vu(numreleve,numespece,nbOiseau,estimationoiseau) VALUES (83,18,8,NULL);
INSERT INTO a_ete_vu(numreleve,numespece,nbOiseau,estimationoiseau) VALUES (84,2,9,NULL);
INSERT INTO a_ete_vu(numreleve,numespece,nbOiseau,estimationoiseau) VALUES (84,3,4,NULL);
INSERT INTO a_ete_vu(numreleve,numespece,nbOiseau,estimationoiseau) VALUES (84,6,5,NULL);
INSERT INTO a_ete_vu(numreleve,numespece,nbOiseau,estimationoiseau) VALUES (84,7,13,NULL);
INSERT INTO a_ete_vu(numreleve,numespece,nbOiseau,estimationoiseau) VALUES (84,11,8,NULL);
INSERT INTO a_ete_vu(numreleve,numespece,nbOiseau,estimationoiseau) VALUES (84,12,10,NULL);
INSERT INTO a_ete_vu(numreleve,numespece,nbOiseau,estimationoiseau) VALUES (84,13,8,NULL);
INSERT INTO a_ete_vu(numreleve,numespece,nbOiseau,estimationoiseau) VALUES (84,15,10,NULL);
INSERT INTO a_ete_vu(numreleve,numespece,nbOiseau,estimationoiseau) VALUES (84,16,9,NULL);
INSERT INTO a_ete_vu(numreleve,numespece,nbOiseau,estimationoiseau) VALUES (84,17,12,NULL);
INSERT INTO a_ete_vu(numreleve,numespece,nbOiseau,estimationoiseau) VALUES (84,18,7,NULL);
INSERT INTO a_ete_vu(numreleve,numespece,nbOiseau,estimationoiseau) VALUES (84,20,8,NULL);
INSERT INTO a_ete_vu(numreleve,numespece,nbOiseau,estimationoiseau) VALUES (85,3,18,NULL);
INSERT INTO a_ete_vu(numreleve,numespece,nbOiseau,estimationoiseau) VALUES (85,4,9,NULL);
INSERT INTO a_ete_vu(numreleve,numespece,nbOiseau,estimationoiseau) VALUES (85,5,16,NULL);
INSERT INTO a_ete_vu(numreleve,numespece,nbOiseau,estimationoiseau) VALUES (85,6,13,NULL);
INSERT INTO a_ete_vu(numreleve,numespece,nbOiseau,estimationoiseau) VALUES (85,8,17,NULL);
INSERT INTO a_ete_vu(numreleve,numespece,nbOiseau,estimationoiseau) VALUES (85,9,13,NULL);
INSERT INTO a_ete_vu(numreleve,numespece,nbOiseau,estimationoiseau) VALUES (85,10,9,NULL);
INSERT INTO a_ete_vu(numreleve,numespece,nbOiseau,estimationoiseau) VALUES (85,11,3,NULL);
INSERT INTO a_ete_vu(numreleve,numespece,nbOiseau,estimationoiseau) VALUES (85,13,14,NULL);
INSERT INTO a_ete_vu(numreleve,numespece,nbOiseau,estimationoiseau) VALUES (85,15,20,NULL);
INSERT INTO a_ete_vu(numreleve,numespece,nbOiseau,estimationoiseau) VALUES (85,17,7,NULL);
INSERT INTO a_ete_vu(numreleve,numespece,nbOiseau,estimationoiseau) VALUES (85,20,10,NULL);
INSERT INTO a_ete_vu(numreleve,numespece,nbOiseau,estimationoiseau) VALUES (86,2,20,NULL);
INSERT INTO a_ete_vu(numreleve,numespece,nbOiseau,estimationoiseau) VALUES (86,3,19,NULL);
INSERT INTO a_ete_vu(numreleve,numespece,nbOiseau,estimationoiseau) VALUES (86,4,10,NULL);
INSERT INTO a_ete_vu(numreleve,numespece,nbOiseau,estimationoiseau) VALUES (86,5,14,NULL);
INSERT INTO a_ete_vu(numreleve,numespece,nbOiseau,estimationoiseau) VALUES (86,7,23,NULL);
INSERT INTO a_ete_vu(numreleve,numespece,nbOiseau,estimationoiseau) VALUES (86,8,17,NULL);
INSERT INTO a_ete_vu(numreleve,numespece,nbOiseau,estimationoiseau) VALUES (86,11,15,NULL);
INSERT INTO a_ete_vu(numreleve,numespece,nbOiseau,estimationoiseau) VALUES (86,12,20,NULL);
INSERT INTO a_ete_vu(numreleve,numespece,nbOiseau,estimationoiseau) VALUES (86,14,17,NULL);
INSERT INTO a_ete_vu(numreleve,numespece,nbOiseau,estimationoiseau) VALUES (86,16,28,NULL);
INSERT INTO a_ete_vu(numreleve,numespece,nbOiseau,estimationoiseau) VALUES (86,17,11,NULL);
INSERT INTO a_ete_vu(numreleve,numespece,nbOiseau,estimationoiseau) VALUES (86,20,26,NULL);
INSERT INTO a_ete_vu(numreleve,numespece,nbOiseau,estimationoiseau) VALUES (87,3,2,NULL);
INSERT INTO a_ete_vu(numreleve,numespece,nbOiseau,estimationoiseau) VALUES (87,4,4,NULL);
INSERT INTO a_ete_vu(numreleve,numespece,nbOiseau,estimationoiseau) VALUES (87,6,3,NULL);
INSERT INTO a_ete_vu(numreleve,numespece,nbOiseau,estimationoiseau) VALUES (87,7,1,NULL);
INSERT INTO a_ete_vu(numreleve,numespece,nbOiseau,estimationoiseau) VALUES (87,13,2,NULL);
INSERT INTO a_ete_vu(numreleve,numespece,nbOiseau,estimationoiseau) VALUES (87,15,3,NULL);
INSERT INTO a_ete_vu(numreleve,numespece,nbOiseau,estimationoiseau) VALUES (87,17,1,NULL);
INSERT INTO a_ete_vu(numreleve,numespece,nbOiseau,estimationoiseau) VALUES (87,18,3,NULL);
INSERT INTO a_ete_vu(numreleve,numespece,nbOiseau,estimationoiseau) VALUES (87,20,3,NULL);
INSERT INTO a_ete_vu(numreleve,numespece,nbOiseau,estimationoiseau) VALUES (88,1,12,NULL);
INSERT INTO a_ete_vu(numreleve,numespece,nbOiseau,estimationoiseau) VALUES (88,2,16,NULL);
INSERT INTO a_ete_vu(numreleve,numespece,nbOiseau,estimationoiseau) VALUES (88,3,18,NULL);
INSERT INTO a_ete_vu(numreleve,numespece,nbOiseau,estimationoiseau) VALUES (88,4,7,NULL);
INSERT INTO a_ete_vu(numreleve,numespece,nbOiseau,estimationoiseau) VALUES (88,5,13,NULL);
INSERT INTO a_ete_vu(numreleve,numespece,nbOiseau,estimationoiseau) VALUES (88,7,17,NULL);
INSERT INTO a_ete_vu(numreleve,numespece,nbOiseau,estimationoiseau) VALUES (88,8,11,NULL);
INSERT INTO a_ete_vu(numreleve,numespece,nbOiseau,estimationoiseau) VALUES (88,9,16,NULL);
INSERT INTO a_ete_vu(numreleve,numespece,nbOiseau,estimationoiseau) VALUES (88,10,9,NULL);
INSERT INTO a_ete_vu(numreleve,numespece,nbOiseau,estimationoiseau) VALUES (88,11,12,NULL);
INSERT INTO a_ete_vu(numreleve,numespece,nbOiseau,estimationoiseau) VALUES (88,12,17,NULL);
INSERT INTO a_ete_vu(numreleve,numespece,nbOiseau,estimationoiseau) VALUES (88,13,22,NULL);
INSERT INTO a_ete_vu(numreleve,numespece,nbOiseau,estimationoiseau) VALUES (88,15,13,NULL);
INSERT INTO a_ete_vu(numreleve,numespece,nbOiseau,estimationoiseau) VALUES (88,18,16,NULL);
INSERT INTO a_ete_vu(numreleve,numespece,nbOiseau,estimationoiseau) VALUES (88,19,7,NULL);
INSERT INTO a_ete_vu(numreleve,numespece,nbOiseau,estimationoiseau) VALUES (88,20,20,NULL);
INSERT INTO a_ete_vu(numreleve,numespece,nbOiseau,estimationoiseau) VALUES (89,1,14,NULL);
INSERT INTO a_ete_vu(numreleve,numespece,nbOiseau,estimationoiseau) VALUES (89,2,19,NULL);
INSERT INTO a_ete_vu(numreleve,numespece,nbOiseau,estimationoiseau) VALUES (89,3,20,NULL);
INSERT INTO a_ete_vu(numreleve,numespece,nbOiseau,estimationoiseau) VALUES (89,6,17,NULL);
INSERT INTO a_ete_vu(numreleve,numespece,nbOiseau,estimationoiseau) VALUES (89,7,9,NULL);
INSERT INTO a_ete_vu(numreleve,numespece,nbOiseau,estimationoiseau) VALUES (89,8,7,NULL);
INSERT INTO a_ete_vu(numreleve,numespece,nbOiseau,estimationoiseau) VALUES (89,9,17,NULL);
INSERT INTO a_ete_vu(numreleve,numespece,nbOiseau,estimationoiseau) VALUES (89,10,9,NULL);
INSERT INTO a_ete_vu(numreleve,numespece,nbOiseau,estimationoiseau) VALUES (89,11,12,NULL);
INSERT INTO a_ete_vu(numreleve,numespece,nbOiseau,estimationoiseau) VALUES (89,12,20,NULL);
INSERT INTO a_ete_vu(numreleve,numespece,nbOiseau,estimationoiseau) VALUES (89,13,12,NULL);
INSERT INTO a_ete_vu(numreleve,numespece,nbOiseau,estimationoiseau) VALUES (89,14,13,NULL);
INSERT INTO a_ete_vu(numreleve,numespece,nbOiseau,estimationoiseau) VALUES (89,15,18,NULL);
INSERT INTO a_ete_vu(numreleve,numespece,nbOiseau,estimationoiseau) VALUES (89,16,15,NULL);
INSERT INTO a_ete_vu(numreleve,numespece,nbOiseau,estimationoiseau) VALUES (89,19,10,NULL);
INSERT INTO a_ete_vu(numreleve,numespece,nbOiseau,estimationoiseau) VALUES (90,1,15,NULL);
INSERT INTO a_ete_vu(numreleve,numespece,nbOiseau,estimationoiseau) VALUES (90,2,17,NULL);
INSERT INTO a_ete_vu(numreleve,numespece,nbOiseau,estimationoiseau) VALUES (90,3,11,NULL);
INSERT INTO a_ete_vu(numreleve,numespece,nbOiseau,estimationoiseau) VALUES (90,4,11,NULL);
INSERT INTO a_ete_vu(numreleve,numespece,nbOiseau,estimationoiseau) VALUES (90,5,13,NULL);
INSERT INTO a_ete_vu(numreleve,numespece,nbOiseau,estimationoiseau) VALUES (90,6,23,NULL);
INSERT INTO a_ete_vu(numreleve,numespece,nbOiseau,estimationoiseau) VALUES (90,9,15,NULL);
INSERT INTO a_ete_vu(numreleve,numespece,nbOiseau,estimationoiseau) VALUES (90,10,13,NULL);
INSERT INTO a_ete_vu(numreleve,numespece,nbOiseau,estimationoiseau) VALUES (90,11,12,NULL);
INSERT INTO a_ete_vu(numreleve,numespece,nbOiseau,estimationoiseau) VALUES (90,12,7,NULL);
INSERT INTO a_ete_vu(numreleve,numespece,nbOiseau,estimationoiseau) VALUES (90,14,12,NULL);
INSERT INTO a_ete_vu(numreleve,numespece,nbOiseau,estimationoiseau) VALUES (90,15,4,NULL);
INSERT INTO a_ete_vu(numreleve,numespece,nbOiseau,estimationoiseau) VALUES (90,16,13,NULL);
INSERT INTO a_ete_vu(numreleve,numespece,nbOiseau,estimationoiseau) VALUES (90,17,8,NULL);
INSERT INTO a_ete_vu(numreleve,numespece,nbOiseau,estimationoiseau) VALUES (91,1,9,NULL);
INSERT INTO a_ete_vu(numreleve,numespece,nbOiseau,estimationoiseau) VALUES (91,2,19,NULL);
INSERT INTO a_ete_vu(numreleve,numespece,nbOiseau,estimationoiseau) VALUES (91,3,10,NULL);
INSERT INTO a_ete_vu(numreleve,numespece,nbOiseau,estimationoiseau) VALUES (91,4,16,NULL);
INSERT INTO a_ete_vu(numreleve,numespece,nbOiseau,estimationoiseau) VALUES (91,5,10,NULL);
INSERT INTO a_ete_vu(numreleve,numespece,nbOiseau,estimationoiseau) VALUES (91,6,21,NULL);
INSERT INTO a_ete_vu(numreleve,numespece,nbOiseau,estimationoiseau) VALUES (91,7,3,NULL);
INSERT INTO a_ete_vu(numreleve,numespece,nbOiseau,estimationoiseau) VALUES (91,8,20,NULL);
INSERT INTO a_ete_vu(numreleve,numespece,nbOiseau,estimationoiseau) VALUES (91,9,26,NULL);
INSERT INTO a_ete_vu(numreleve,numespece,nbOiseau,estimationoiseau) VALUES (91,10,10,NULL);
INSERT INTO a_ete_vu(numreleve,numespece,nbOiseau,estimationoiseau) VALUES (91,12,18,NULL);
INSERT INTO a_ete_vu(numreleve,numespece,nbOiseau,estimationoiseau) VALUES (91,13,16,NULL);
INSERT INTO a_ete_vu(numreleve,numespece,nbOiseau,estimationoiseau) VALUES (91,14,15,NULL);
INSERT INTO a_ete_vu(numreleve,numespece,nbOiseau,estimationoiseau) VALUES (91,15,10,NULL);
INSERT INTO a_ete_vu(numreleve,numespece,nbOiseau,estimationoiseau) VALUES (91,16,14,NULL);
INSERT INTO a_ete_vu(numreleve,numespece,nbOiseau,estimationoiseau) VALUES (91,17,13,NULL);
INSERT INTO a_ete_vu(numreleve,numespece,nbOiseau,estimationoiseau) VALUES (91,18,11,NULL);
INSERT INTO a_ete_vu(numreleve,numespece,nbOiseau,estimationoiseau) VALUES (92,1,13,NULL);
INSERT INTO a_ete_vu(numreleve,numespece,nbOiseau,estimationoiseau) VALUES (92,3,17,NULL);
INSERT INTO a_ete_vu(numreleve,numespece,nbOiseau,estimationoiseau) VALUES (92,6,8,NULL);
INSERT INTO a_ete_vu(numreleve,numespece,nbOiseau,estimationoiseau) VALUES (92,7,2,NULL);
INSERT INTO a_ete_vu(numreleve,numespece,nbOiseau,estimationoiseau) VALUES (92,8,11,NULL);
INSERT INTO a_ete_vu(numreleve,numespece,nbOiseau,estimationoiseau) VALUES (92,9,20,NULL);
INSERT INTO a_ete_vu(numreleve,numespece,nbOiseau,estimationoiseau) VALUES (92,14,14,NULL);
INSERT INTO a_ete_vu(numreleve,numespece,nbOiseau,estimationoiseau) VALUES (92,15,16,NULL);
INSERT INTO a_ete_vu(numreleve,numespece,nbOiseau,estimationoiseau) VALUES (92,16,13,NULL);
INSERT INTO a_ete_vu(numreleve,numespece,nbOiseau,estimationoiseau) VALUES (92,17,9,NULL);
INSERT INTO a_ete_vu(numreleve,numespece,nbOiseau,estimationoiseau) VALUES (92,18,13,NULL);
INSERT INTO a_ete_vu(numreleve,numespece,nbOiseau,estimationoiseau) VALUES (92,20,11,NULL);
INSERT INTO a_ete_vu(numreleve,numespece,nbOiseau,estimationoiseau) VALUES (93,1,16,NULL);
INSERT INTO a_ete_vu(numreleve,numespece,nbOiseau,estimationoiseau) VALUES (93,2,18,NULL);
INSERT INTO a_ete_vu(numreleve,numespece,nbOiseau,estimationoiseau) VALUES (93,3,20,NULL);
INSERT INTO a_ete_vu(numreleve,numespece,nbOiseau,estimationoiseau) VALUES (93,4,10,NULL);
INSERT INTO a_ete_vu(numreleve,numespece,nbOiseau,estimationoiseau) VALUES (93,5,9,NULL);
INSERT INTO a_ete_vu(numreleve,numespece,nbOiseau,estimationoiseau) VALUES (93,6,9,NULL);
INSERT INTO a_ete_vu(numreleve,numespece,nbOiseau,estimationoiseau) VALUES (93,8,16,NULL);
INSERT INTO a_ete_vu(numreleve,numespece,nbOiseau,estimationoiseau) VALUES (93,9,21,NULL);
INSERT INTO a_ete_vu(numreleve,numespece,nbOiseau,estimationoiseau) VALUES (93,10,1,NULL);
INSERT INTO a_ete_vu(numreleve,numespece,nbOiseau,estimationoiseau) VALUES (93,11,14,NULL);
INSERT INTO a_ete_vu(numreleve,numespece,nbOiseau,estimationoiseau) VALUES (93,12,5,NULL);
INSERT INTO a_ete_vu(numreleve,numespece,nbOiseau,estimationoiseau) VALUES (93,13,10,NULL);
INSERT INTO a_ete_vu(numreleve,numespece,nbOiseau,estimationoiseau) VALUES (93,15,10,NULL);
INSERT INTO a_ete_vu(numreleve,numespece,nbOiseau,estimationoiseau) VALUES (93,16,5,NULL);
INSERT INTO a_ete_vu(numreleve,numespece,nbOiseau,estimationoiseau) VALUES (93,17,7,NULL);
INSERT INTO a_ete_vu(numreleve,numespece,nbOiseau,estimationoiseau) VALUES (93,19,12,NULL);
INSERT INTO a_ete_vu(numreleve,numespece,nbOiseau,estimationoiseau) VALUES (94,2,5,NULL);
INSERT INTO a_ete_vu(numreleve,numespece,nbOiseau,estimationoiseau) VALUES (94,3,9,NULL);
INSERT INTO a_ete_vu(numreleve,numespece,nbOiseau,estimationoiseau) VALUES (94,5,3,NULL);
INSERT INTO a_ete_vu(numreleve,numespece,nbOiseau,estimationoiseau) VALUES (94,6,17,NULL);
INSERT INTO a_ete_vu(numreleve,numespece,nbOiseau,estimationoiseau) VALUES (94,7,18,NULL);
INSERT INTO a_ete_vu(numreleve,numespece,nbOiseau,estimationoiseau) VALUES (94,8,11,NULL);
INSERT INTO a_ete_vu(numreleve,numespece,nbOiseau,estimationoiseau) VALUES (94,9,7,NULL);
INSERT INTO a_ete_vu(numreleve,numespece,nbOiseau,estimationoiseau) VALUES (94,10,11,NULL);
INSERT INTO a_ete_vu(numreleve,numespece,nbOiseau,estimationoiseau) VALUES (94,11,15,NULL);
INSERT INTO a_ete_vu(numreleve,numespece,nbOiseau,estimationoiseau) VALUES (94,14,6,NULL);
INSERT INTO a_ete_vu(numreleve,numespece,nbOiseau,estimationoiseau) VALUES (94,16,5,NULL);
INSERT INTO a_ete_vu(numreleve,numespece,nbOiseau,estimationoiseau) VALUES (94,19,14,NULL);
INSERT INTO a_ete_vu(numreleve,numespece,nbOiseau,estimationoiseau) VALUES (94,20,13,NULL);
INSERT INTO a_ete_vu(numreleve,numespece,nbOiseau,estimationoiseau) VALUES (95,1,23,NULL);
INSERT INTO a_ete_vu(numreleve,numespece,nbOiseau,estimationoiseau) VALUES (95,2,17,NULL);
INSERT INTO a_ete_vu(numreleve,numespece,nbOiseau,estimationoiseau) VALUES (95,3,9,NULL);
INSERT INTO a_ete_vu(numreleve,numespece,nbOiseau,estimationoiseau) VALUES (95,4,21,NULL);
INSERT INTO a_ete_vu(numreleve,numespece,nbOiseau,estimationoiseau) VALUES (95,6,8,NULL);
INSERT INTO a_ete_vu(numreleve,numespece,nbOiseau,estimationoiseau) VALUES (95,7,12,NULL);
INSERT INTO a_ete_vu(numreleve,numespece,nbOiseau,estimationoiseau) VALUES (95,9,5,NULL);
INSERT INTO a_ete_vu(numreleve,numespece,nbOiseau,estimationoiseau) VALUES (95,10,16,NULL);
INSERT INTO a_ete_vu(numreleve,numespece,nbOiseau,estimationoiseau) VALUES (95,12,12,NULL);
INSERT INTO a_ete_vu(numreleve,numespece,nbOiseau,estimationoiseau) VALUES (95,13,9,NULL);
INSERT INTO a_ete_vu(numreleve,numespece,nbOiseau,estimationoiseau) VALUES (95,14,16,NULL);
INSERT INTO a_ete_vu(numreleve,numespece,nbOiseau,estimationoiseau) VALUES (95,18,3,NULL);
INSERT INTO a_ete_vu(numreleve,numespece,nbOiseau,estimationoiseau) VALUES (95,19,12,NULL);
INSERT INTO a_ete_vu(numreleve,numespece,nbOiseau,estimationoiseau) VALUES (96,1,9,NULL);
INSERT INTO a_ete_vu(numreleve,numespece,nbOiseau,estimationoiseau) VALUES (96,6,8,NULL);
INSERT INTO a_ete_vu(numreleve,numespece,nbOiseau,estimationoiseau) VALUES (96,7,16,NULL);
INSERT INTO a_ete_vu(numreleve,numespece,nbOiseau,estimationoiseau) VALUES (96,9,18,NULL);
INSERT INTO a_ete_vu(numreleve,numespece,nbOiseau,estimationoiseau) VALUES (96,10,9,NULL);
INSERT INTO a_ete_vu(numreleve,numespece,nbOiseau,estimationoiseau) VALUES (96,11,18,NULL);
INSERT INTO a_ete_vu(numreleve,numespece,nbOiseau,estimationoiseau) VALUES (96,12,10,NULL);
INSERT INTO a_ete_vu(numreleve,numespece,nbOiseau,estimationoiseau) VALUES (96,13,8,NULL);
INSERT INTO a_ete_vu(numreleve,numespece,nbOiseau,estimationoiseau) VALUES (96,14,11,NULL);
INSERT INTO a_ete_vu(numreleve,numespece,nbOiseau,estimationoiseau) VALUES (96,15,11,NULL);
INSERT INTO a_ete_vu(numreleve,numespece,nbOiseau,estimationoiseau) VALUES (96,16,11,NULL);
INSERT INTO a_ete_vu(numreleve,numespece,nbOiseau,estimationoiseau) VALUES (96,17,9,NULL);
INSERT INTO a_ete_vu(numreleve,numespece,nbOiseau,estimationoiseau) VALUES (96,19,7,NULL);
INSERT INTO a_ete_vu(numreleve,numespece,nbOiseau,estimationoiseau) VALUES (96,20,23,NULL);
INSERT INTO a_ete_vu(numreleve,numespece,nbOiseau,estimationoiseau) VALUES (97,2,9,NULL);
INSERT INTO a_ete_vu(numreleve,numespece,nbOiseau,estimationoiseau) VALUES (97,4,7,NULL);
INSERT INTO a_ete_vu(numreleve,numespece,nbOiseau,estimationoiseau) VALUES (97,6,10,NULL);
INSERT INTO a_ete_vu(numreleve,numespece,nbOiseau,estimationoiseau) VALUES (97,7,8,NULL);
INSERT INTO a_ete_vu(numreleve,numespece,nbOiseau,estimationoiseau) VALUES (97,8,7,NULL);
INSERT INTO a_ete_vu(numreleve,numespece,nbOiseau,estimationoiseau) VALUES (97,9,5,NULL);
INSERT INTO a_ete_vu(numreleve,numespece,nbOiseau,estimationoiseau) VALUES (97,10,6,NULL);
INSERT INTO a_ete_vu(numreleve,numespece,nbOiseau,estimationoiseau) VALUES (97,12,5,NULL);
INSERT INTO a_ete_vu(numreleve,numespece,nbOiseau,estimationoiseau) VALUES (97,13,10,NULL);
INSERT INTO a_ete_vu(numreleve,numespece,nbOiseau,estimationoiseau) VALUES (97,14,10,NULL);
INSERT INTO a_ete_vu(numreleve,numespece,nbOiseau,estimationoiseau) VALUES (97,15,11,NULL);
INSERT INTO a_ete_vu(numreleve,numespece,nbOiseau,estimationoiseau) VALUES (97,16,8,NULL);
INSERT INTO a_ete_vu(numreleve,numespece,nbOiseau,estimationoiseau) VALUES (97,18,10,NULL);
INSERT INTO a_ete_vu(numreleve,numespece,nbOiseau,estimationoiseau) VALUES (98,1,17,NULL);
INSERT INTO a_ete_vu(numreleve,numespece,nbOiseau,estimationoiseau) VALUES (98,2,14,NULL);
INSERT INTO a_ete_vu(numreleve,numespece,nbOiseau,estimationoiseau) VALUES (98,3,8,NULL);
INSERT INTO a_ete_vu(numreleve,numespece,nbOiseau,estimationoiseau) VALUES (98,4,16,NULL);
INSERT INTO a_ete_vu(numreleve,numespece,nbOiseau,estimationoiseau) VALUES (98,5,19,NULL);
INSERT INTO a_ete_vu(numreleve,numespece,nbOiseau,estimationoiseau) VALUES (98,6,5,NULL);
INSERT INTO a_ete_vu(numreleve,numespece,nbOiseau,estimationoiseau) VALUES (98,7,12,NULL);
INSERT INTO a_ete_vu(numreleve,numespece,nbOiseau,estimationoiseau) VALUES (98,9,13,NULL);
INSERT INTO a_ete_vu(numreleve,numespece,nbOiseau,estimationoiseau) VALUES (98,10,16,NULL);
INSERT INTO a_ete_vu(numreleve,numespece,nbOiseau,estimationoiseau) VALUES (98,12,15,NULL);
INSERT INTO a_ete_vu(numreleve,numespece,nbOiseau,estimationoiseau) VALUES (98,14,12,NULL);
INSERT INTO a_ete_vu(numreleve,numespece,nbOiseau,estimationoiseau) VALUES (98,15,15,NULL);
INSERT INTO a_ete_vu(numreleve,numespece,nbOiseau,estimationoiseau) VALUES (98,16,16,NULL);
INSERT INTO a_ete_vu(numreleve,numespece,nbOiseau,estimationoiseau) VALUES (98,19,8,NULL);
INSERT INTO a_ete_vu(numreleve,numespece,nbOiseau,estimationoiseau) VALUES (98,20,12,NULL);
INSERT INTO a_ete_vu(numreleve,numespece,nbOiseau,estimationoiseau) VALUES (99,1,14,NULL);
INSERT INTO a_ete_vu(numreleve,numespece,nbOiseau,estimationoiseau) VALUES (99,2,4,NULL);
INSERT INTO a_ete_vu(numreleve,numespece,nbOiseau,estimationoiseau) VALUES (99,4,10,NULL);
INSERT INTO a_ete_vu(numreleve,numespece,nbOiseau,estimationoiseau) VALUES (99,5,15,NULL);
INSERT INTO a_ete_vu(numreleve,numespece,nbOiseau,estimationoiseau) VALUES (99,8,3,NULL);
INSERT INTO a_ete_vu(numreleve,numespece,nbOiseau,estimationoiseau) VALUES (99,9,12,NULL);
INSERT INTO a_ete_vu(numreleve,numespece,nbOiseau,estimationoiseau) VALUES (99,10,12,NULL);
INSERT INTO a_ete_vu(numreleve,numespece,nbOiseau,estimationoiseau) VALUES (99,13,6,NULL);
INSERT INTO a_ete_vu(numreleve,numespece,nbOiseau,estimationoiseau) VALUES (99,14,17,NULL);
INSERT INTO a_ete_vu(numreleve,numespece,nbOiseau,estimationoiseau) VALUES (99,15,16,NULL);
INSERT INTO a_ete_vu(numreleve,numespece,nbOiseau,estimationoiseau) VALUES (99,16,21,NULL);
INSERT INTO a_ete_vu(numreleve,numespece,nbOiseau,estimationoiseau) VALUES (99,20,7,NULL);
INSERT INTO a_ete_vu(numreleve,numespece,nbOiseau,estimationoiseau) VALUES (100,1,11,NULL);
INSERT INTO a_ete_vu(numreleve,numespece,nbOiseau,estimationoiseau) VALUES (100,2,16,NULL);
INSERT INTO a_ete_vu(numreleve,numespece,nbOiseau,estimationoiseau) VALUES (100,3,11,NULL);
INSERT INTO a_ete_vu(numreleve,numespece,nbOiseau,estimationoiseau) VALUES (100,4,9,NULL);
INSERT INTO a_ete_vu(numreleve,numespece,nbOiseau,estimationoiseau) VALUES (100,5,10,NULL);
INSERT INTO a_ete_vu(numreleve,numespece,nbOiseau,estimationoiseau) VALUES (100,6,17,NULL);
INSERT INTO a_ete_vu(numreleve,numespece,nbOiseau,estimationoiseau) VALUES (100,7,14,NULL);
INSERT INTO a_ete_vu(numreleve,numespece,nbOiseau,estimationoiseau) VALUES (100,9,4,NULL);
INSERT INTO a_ete_vu(numreleve,numespece,nbOiseau,estimationoiseau) VALUES (100,10,14,NULL);
INSERT INTO a_ete_vu(numreleve,numespece,nbOiseau,estimationoiseau) VALUES (100,11,11,NULL);
INSERT INTO a_ete_vu(numreleve,numespece,nbOiseau,estimationoiseau) VALUES (100,12,2,NULL);
INSERT INTO a_ete_vu(numreleve,numespece,nbOiseau,estimationoiseau) VALUES (100,13,10,NULL);
INSERT INTO a_ete_vu(numreleve,numespece,nbOiseau,estimationoiseau) VALUES (100,14,9,NULL);
INSERT INTO a_ete_vu(numreleve,numespece,nbOiseau,estimationoiseau) VALUES (100,17,12,NULL);
INSERT INTO a_ete_vu(numreleve,numespece,nbOiseau,estimationoiseau) VALUES (100,18,19,NULL);
INSERT INTO a_ete_vu(numreleve,numespece,nbOiseau,estimationoiseau) VALUES (101,2,7,NULL);
INSERT INTO a_ete_vu(numreleve,numespece,nbOiseau,estimationoiseau) VALUES (101,3,8,NULL);
INSERT INTO a_ete_vu(numreleve,numespece,nbOiseau,estimationoiseau) VALUES (101,4,8,NULL);
INSERT INTO a_ete_vu(numreleve,numespece,nbOiseau,estimationoiseau) VALUES (101,7,12,NULL);
INSERT INTO a_ete_vu(numreleve,numespece,nbOiseau,estimationoiseau) VALUES (101,8,13,NULL);
INSERT INTO a_ete_vu(numreleve,numespece,nbOiseau,estimationoiseau) VALUES (101,9,11,NULL);
INSERT INTO a_ete_vu(numreleve,numespece,nbOiseau,estimationoiseau) VALUES (101,10,18,NULL);
INSERT INTO a_ete_vu(numreleve,numespece,nbOiseau,estimationoiseau) VALUES (101,11,14,NULL);
INSERT INTO a_ete_vu(numreleve,numespece,nbOiseau,estimationoiseau) VALUES (101,12,23,NULL);
INSERT INTO a_ete_vu(numreleve,numespece,nbOiseau,estimationoiseau) VALUES (101,13,16,NULL);
INSERT INTO a_ete_vu(numreleve,numespece,nbOiseau,estimationoiseau) VALUES (101,14,10,NULL);
INSERT INTO a_ete_vu(numreleve,numespece,nbOiseau,estimationoiseau) VALUES (101,15,9,NULL);
INSERT INTO a_ete_vu(numreleve,numespece,nbOiseau,estimationoiseau) VALUES (101,18,15,NULL);
INSERT INTO a_ete_vu(numreleve,numespece,nbOiseau,estimationoiseau) VALUES (101,19,9,NULL);
INSERT INTO a_ete_vu(numreleve,numespece,nbOiseau,estimationoiseau) VALUES (101,20,13,NULL);
INSERT INTO a_ete_vu(numreleve,numespece,nbOiseau,estimationoiseau) VALUES (102,1,8,NULL);
INSERT INTO a_ete_vu(numreleve,numespece,nbOiseau,estimationoiseau) VALUES (102,3,10,NULL);
INSERT INTO a_ete_vu(numreleve,numespece,nbOiseau,estimationoiseau) VALUES (102,5,7,NULL);
INSERT INTO a_ete_vu(numreleve,numespece,nbOiseau,estimationoiseau) VALUES (102,6,10,NULL);
INSERT INTO a_ete_vu(numreleve,numespece,nbOiseau,estimationoiseau) VALUES (102,7,6,NULL);
INSERT INTO a_ete_vu(numreleve,numespece,nbOiseau,estimationoiseau) VALUES (102,8,16,NULL);
INSERT INTO a_ete_vu(numreleve,numespece,nbOiseau,estimationoiseau) VALUES (102,9,14,NULL);
INSERT INTO a_ete_vu(numreleve,numespece,nbOiseau,estimationoiseau) VALUES (102,11,10,NULL);
INSERT INTO a_ete_vu(numreleve,numespece,nbOiseau,estimationoiseau) VALUES (102,12,12,NULL);
INSERT INTO a_ete_vu(numreleve,numespece,nbOiseau,estimationoiseau) VALUES (102,14,17,NULL);
INSERT INTO a_ete_vu(numreleve,numespece,nbOiseau,estimationoiseau) VALUES (102,16,14,NULL);
INSERT INTO a_ete_vu(numreleve,numespece,nbOiseau,estimationoiseau) VALUES (102,17,21,NULL);
INSERT INTO a_ete_vu(numreleve,numespece,nbOiseau,estimationoiseau) VALUES (102,18,10,NULL);
INSERT INTO a_ete_vu(numreleve,numespece,nbOiseau,estimationoiseau) VALUES (102,20,12,NULL);
INSERT INTO a_ete_vu(numreleve,numespece,nbOiseau,estimationoiseau) VALUES (103,1,13,NULL);
INSERT INTO a_ete_vu(numreleve,numespece,nbOiseau,estimationoiseau) VALUES (103,2,15,NULL);
INSERT INTO a_ete_vu(numreleve,numespece,nbOiseau,estimationoiseau) VALUES (103,5,13,NULL);
INSERT INTO a_ete_vu(numreleve,numespece,nbOiseau,estimationoiseau) VALUES (103,6,13,NULL);
INSERT INTO a_ete_vu(numreleve,numespece,nbOiseau,estimationoiseau) VALUES (103,7,15,NULL);
INSERT INTO a_ete_vu(numreleve,numespece,nbOiseau,estimationoiseau) VALUES (103,9,10,NULL);
INSERT INTO a_ete_vu(numreleve,numespece,nbOiseau,estimationoiseau) VALUES (103,10,6,NULL);
INSERT INTO a_ete_vu(numreleve,numespece,nbOiseau,estimationoiseau) VALUES (103,11,13,NULL);
INSERT INTO a_ete_vu(numreleve,numespece,nbOiseau,estimationoiseau) VALUES (103,12,11,NULL);
INSERT INTO a_ete_vu(numreleve,numespece,nbOiseau,estimationoiseau) VALUES (103,13,14,NULL);
INSERT INTO a_ete_vu(numreleve,numespece,nbOiseau,estimationoiseau) VALUES (103,15,15,NULL);
INSERT INTO a_ete_vu(numreleve,numespece,nbOiseau,estimationoiseau) VALUES (103,16,18,NULL);
INSERT INTO a_ete_vu(numreleve,numespece,nbOiseau,estimationoiseau) VALUES (103,17,16,NULL);
INSERT INTO a_ete_vu(numreleve,numespece,nbOiseau,estimationoiseau) VALUES (103,18,12,NULL);
INSERT INTO a_ete_vu(numreleve,numespece,nbOiseau,estimationoiseau) VALUES (103,19,12,NULL);
INSERT INTO a_ete_vu(numreleve,numespece,nbOiseau,estimationoiseau) VALUES (103,20,11,NULL);
INSERT INTO a_ete_vu(numreleve,numespece,nbOiseau,estimationoiseau) VALUES (104,1,11,NULL);
INSERT INTO a_ete_vu(numreleve,numespece,nbOiseau,estimationoiseau) VALUES (104,2,7,NULL);
INSERT INTO a_ete_vu(numreleve,numespece,nbOiseau,estimationoiseau) VALUES (104,3,10,NULL);
INSERT INTO a_ete_vu(numreleve,numespece,nbOiseau,estimationoiseau) VALUES (104,4,14,NULL);
INSERT INTO a_ete_vu(numreleve,numespece,nbOiseau,estimationoiseau) VALUES (104,5,15,NULL);
INSERT INTO a_ete_vu(numreleve,numespece,nbOiseau,estimationoiseau) VALUES (104,6,21,NULL);
INSERT INTO a_ete_vu(numreleve,numespece,nbOiseau,estimationoiseau) VALUES (104,7,17,NULL);
INSERT INTO a_ete_vu(numreleve,numespece,nbOiseau,estimationoiseau) VALUES (104,8,14,NULL);
INSERT INTO a_ete_vu(numreleve,numespece,nbOiseau,estimationoiseau) VALUES (104,9,13,NULL);
INSERT INTO a_ete_vu(numreleve,numespece,nbOiseau,estimationoiseau) VALUES (104,10,16,NULL);
INSERT INTO a_ete_vu(numreleve,numespece,nbOiseau,estimationoiseau) VALUES (104,12,10,NULL);
INSERT INTO a_ete_vu(numreleve,numespece,nbOiseau,estimationoiseau) VALUES (104,13,11,NULL);
INSERT INTO a_ete_vu(numreleve,numespece,nbOiseau,estimationoiseau) VALUES (104,14,5,NULL);
INSERT INTO a_ete_vu(numreleve,numespece,nbOiseau,estimationoiseau) VALUES (104,17,11,NULL);
INSERT INTO a_ete_vu(numreleve,numespece,nbOiseau,estimationoiseau) VALUES (104,18,15,NULL);
INSERT INTO a_ete_vu(numreleve,numespece,nbOiseau,estimationoiseau) VALUES (104,20,7,NULL);
INSERT INTO a_ete_vu(numreleve,numespece,nbOiseau,estimationoiseau) VALUES (105,4,12,NULL);
INSERT INTO a_ete_vu(numreleve,numespece,nbOiseau,estimationoiseau) VALUES (105,5,16,NULL);
INSERT INTO a_ete_vu(numreleve,numespece,nbOiseau,estimationoiseau) VALUES (105,7,12,NULL);
INSERT INTO a_ete_vu(numreleve,numespece,nbOiseau,estimationoiseau) VALUES (105,11,14,NULL);
INSERT INTO a_ete_vu(numreleve,numespece,nbOiseau,estimationoiseau) VALUES (105,12,15,NULL);
INSERT INTO a_ete_vu(numreleve,numespece,nbOiseau,estimationoiseau) VALUES (105,13,12,NULL);
INSERT INTO a_ete_vu(numreleve,numespece,nbOiseau,estimationoiseau) VALUES (105,14,10,NULL);
INSERT INTO a_ete_vu(numreleve,numespece,nbOiseau,estimationoiseau) VALUES (105,15,10,NULL);
INSERT INTO a_ete_vu(numreleve,numespece,nbOiseau,estimationoiseau) VALUES (105,16,10,NULL);
INSERT INTO a_ete_vu(numreleve,numespece,nbOiseau,estimationoiseau) VALUES (105,17,11,NULL);
INSERT INTO a_ete_vu(numreleve,numespece,nbOiseau,estimationoiseau) VALUES (105,19,14,NULL);
INSERT INTO a_ete_vu(numreleve,numespece,nbOiseau,estimationoiseau) VALUES (106,1,3,NULL);
INSERT INTO a_ete_vu(numreleve,numespece,nbOiseau,estimationoiseau) VALUES (106,2,1,NULL);
INSERT INTO a_ete_vu(numreleve,numespece,nbOiseau,estimationoiseau) VALUES (106,5,1,NULL);
INSERT INTO a_ete_vu(numreleve,numespece,nbOiseau,estimationoiseau) VALUES (106,6,4,NULL);
INSERT INTO a_ete_vu(numreleve,numespece,nbOiseau,estimationoiseau) VALUES (106,7,3,NULL);
INSERT INTO a_ete_vu(numreleve,numespece,nbOiseau,estimationoiseau) VALUES (106,9,1,NULL);
INSERT INTO a_ete_vu(numreleve,numespece,nbOiseau,estimationoiseau) VALUES (106,10,2,NULL);
INSERT INTO a_ete_vu(numreleve,numespece,nbOiseau,estimationoiseau) VALUES (106,13,2,NULL);
INSERT INTO a_ete_vu(numreleve,numespece,nbOiseau,estimationoiseau) VALUES (106,16,1,NULL);
INSERT INTO a_ete_vu(numreleve,numespece,nbOiseau,estimationoiseau) VALUES (106,18,2,NULL);
INSERT INTO a_ete_vu(numreleve,numespece,nbOiseau,estimationoiseau) VALUES (106,19,3,NULL);
INSERT INTO a_ete_vu(numreleve,numespece,nbOiseau,estimationoiseau) VALUES (107,1,15,NULL);
INSERT INTO a_ete_vu(numreleve,numespece,nbOiseau,estimationoiseau) VALUES (107,2,8,NULL);
INSERT INTO a_ete_vu(numreleve,numespece,nbOiseau,estimationoiseau) VALUES (107,3,4,NULL);
INSERT INTO a_ete_vu(numreleve,numespece,nbOiseau,estimationoiseau) VALUES (107,5,12,NULL);
INSERT INTO a_ete_vu(numreleve,numespece,nbOiseau,estimationoiseau) VALUES (107,6,5,NULL);
INSERT INTO a_ete_vu(numreleve,numespece,nbOiseau,estimationoiseau) VALUES (107,7,12,NULL);
INSERT INTO a_ete_vu(numreleve,numespece,nbOiseau,estimationoiseau) VALUES (107,8,13,NULL);
INSERT INTO a_ete_vu(numreleve,numespece,nbOiseau,estimationoiseau) VALUES (107,10,10,NULL);
INSERT INTO a_ete_vu(numreleve,numespece,nbOiseau,estimationoiseau) VALUES (107,11,16,NULL);
INSERT INTO a_ete_vu(numreleve,numespece,nbOiseau,estimationoiseau) VALUES (107,16,11,NULL);
INSERT INTO a_ete_vu(numreleve,numespece,nbOiseau,estimationoiseau) VALUES (107,17,11,NULL);
INSERT INTO a_ete_vu(numreleve,numespece,nbOiseau,estimationoiseau) VALUES (107,18,4,NULL);
INSERT INTO a_ete_vu(numreleve,numespece,nbOiseau,estimationoiseau) VALUES (107,19,16,NULL);
INSERT INTO a_ete_vu(numreleve,numespece,nbOiseau,estimationoiseau) VALUES (107,20,10,NULL);
INSERT INTO a_ete_vu(numreleve,numespece,nbOiseau,estimationoiseau) VALUES (108,3,11,NULL);
INSERT INTO a_ete_vu(numreleve,numespece,nbOiseau,estimationoiseau) VALUES (108,4,18,NULL);
INSERT INTO a_ete_vu(numreleve,numespece,nbOiseau,estimationoiseau) VALUES (108,7,5,NULL);
INSERT INTO a_ete_vu(numreleve,numespece,nbOiseau,estimationoiseau) VALUES (108,8,20,NULL);
INSERT INTO a_ete_vu(numreleve,numespece,nbOiseau,estimationoiseau) VALUES (108,9,16,NULL);
INSERT INTO a_ete_vu(numreleve,numespece,nbOiseau,estimationoiseau) VALUES (108,10,11,NULL);
INSERT INTO a_ete_vu(numreleve,numespece,nbOiseau,estimationoiseau) VALUES (108,11,17,NULL);
INSERT INTO a_ete_vu(numreleve,numespece,nbOiseau,estimationoiseau) VALUES (108,12,7,NULL);
INSERT INTO a_ete_vu(numreleve,numespece,nbOiseau,estimationoiseau) VALUES (108,14,9,NULL);
INSERT INTO a_ete_vu(numreleve,numespece,nbOiseau,estimationoiseau) VALUES (108,17,11,NULL);
INSERT INTO a_ete_vu(numreleve,numespece,nbOiseau,estimationoiseau) VALUES (108,18,11,NULL);
INSERT INTO a_ete_vu(numreleve,numespece,nbOiseau,estimationoiseau) VALUES (108,19,17,NULL);
INSERT INTO a_ete_vu(numreleve,numespece,nbOiseau,estimationoiseau) VALUES (108,20,15,NULL);
INSERT INTO a_ete_vu(numreleve,numespece,nbOiseau,estimationoiseau) VALUES (109,1,9,NULL);
INSERT INTO a_ete_vu(numreleve,numespece,nbOiseau,estimationoiseau) VALUES (109,2,6,NULL);
INSERT INTO a_ete_vu(numreleve,numespece,nbOiseau,estimationoiseau) VALUES (109,4,20,NULL);
INSERT INTO a_ete_vu(numreleve,numespece,nbOiseau,estimationoiseau) VALUES (109,5,16,NULL);
INSERT INTO a_ete_vu(numreleve,numespece,nbOiseau,estimationoiseau) VALUES (109,6,8,NULL);
INSERT INTO a_ete_vu(numreleve,numespece,nbOiseau,estimationoiseau) VALUES (109,7,16,NULL);
INSERT INTO a_ete_vu(numreleve,numespece,nbOiseau,estimationoiseau) VALUES (109,8,16,NULL);
INSERT INTO a_ete_vu(numreleve,numespece,nbOiseau,estimationoiseau) VALUES (109,9,12,NULL);
INSERT INTO a_ete_vu(numreleve,numespece,nbOiseau,estimationoiseau) VALUES (109,10,17,NULL);
INSERT INTO a_ete_vu(numreleve,numespece,nbOiseau,estimationoiseau) VALUES (109,13,23,NULL);
INSERT INTO a_ete_vu(numreleve,numespece,nbOiseau,estimationoiseau) VALUES (109,14,21,NULL);
INSERT INTO a_ete_vu(numreleve,numespece,nbOiseau,estimationoiseau) VALUES (109,16,17,NULL);
INSERT INTO a_ete_vu(numreleve,numespece,nbOiseau,estimationoiseau) VALUES (109,17,12,NULL);
INSERT INTO a_ete_vu(numreleve,numespece,nbOiseau,estimationoiseau) VALUES (109,18,9,NULL);
INSERT INTO a_ete_vu(numreleve,numespece,nbOiseau,estimationoiseau) VALUES (109,19,7,NULL);
INSERT INTO a_ete_vu(numreleve,numespece,nbOiseau,estimationoiseau) VALUES (110,4,14,NULL);
INSERT INTO a_ete_vu(numreleve,numespece,nbOiseau,estimationoiseau) VALUES (110,5,19,NULL);
INSERT INTO a_ete_vu(numreleve,numespece,nbOiseau,estimationoiseau) VALUES (110,6,13,NULL);
INSERT INTO a_ete_vu(numreleve,numespece,nbOiseau,estimationoiseau) VALUES (110,7,14,NULL);
INSERT INTO a_ete_vu(numreleve,numespece,nbOiseau,estimationoiseau) VALUES (110,8,16,NULL);
INSERT INTO a_ete_vu(numreleve,numespece,nbOiseau,estimationoiseau) VALUES (110,9,16,NULL);
INSERT INTO a_ete_vu(numreleve,numespece,nbOiseau,estimationoiseau) VALUES (110,11,13,NULL);
INSERT INTO a_ete_vu(numreleve,numespece,nbOiseau,estimationoiseau) VALUES (110,13,19,NULL);
INSERT INTO a_ete_vu(numreleve,numespece,nbOiseau,estimationoiseau) VALUES (110,14,16,NULL);
INSERT INTO a_ete_vu(numreleve,numespece,nbOiseau,estimationoiseau) VALUES (110,15,16,NULL);
INSERT INTO a_ete_vu(numreleve,numespece,nbOiseau,estimationoiseau) VALUES (110,17,7,NULL);
INSERT INTO a_ete_vu(numreleve,numespece,nbOiseau,estimationoiseau) VALUES (110,18,14,NULL);
INSERT INTO a_ete_vu(numreleve,numespece,nbOiseau,estimationoiseau) VALUES (110,19,16,NULL);
INSERT INTO a_ete_vu(numreleve,numespece,nbOiseau,estimationoiseau) VALUES (110,20,16,NULL);
INSERT INTO a_ete_vu(numreleve,numespece,nbOiseau,estimationoiseau) VALUES (111,1,7,NULL);
INSERT INTO a_ete_vu(numreleve,numespece,nbOiseau,estimationoiseau) VALUES (111,2,7,NULL);
INSERT INTO a_ete_vu(numreleve,numespece,nbOiseau,estimationoiseau) VALUES (111,3,13,NULL);
INSERT INTO a_ete_vu(numreleve,numespece,nbOiseau,estimationoiseau) VALUES (111,4,13,NULL);
INSERT INTO a_ete_vu(numreleve,numespece,nbOiseau,estimationoiseau) VALUES (111,5,18,NULL);
INSERT INTO a_ete_vu(numreleve,numespece,nbOiseau,estimationoiseau) VALUES (111,7,22,NULL);
INSERT INTO a_ete_vu(numreleve,numespece,nbOiseau,estimationoiseau) VALUES (111,9,18,NULL);
INSERT INTO a_ete_vu(numreleve,numespece,nbOiseau,estimationoiseau) VALUES (111,10,12,NULL);
INSERT INTO a_ete_vu(numreleve,numespece,nbOiseau,estimationoiseau) VALUES (111,12,6,NULL);
INSERT INTO a_ete_vu(numreleve,numespece,nbOiseau,estimationoiseau) VALUES (111,13,7,NULL);
INSERT INTO a_ete_vu(numreleve,numespece,nbOiseau,estimationoiseau) VALUES (111,14,11,NULL);
INSERT INTO a_ete_vu(numreleve,numespece,nbOiseau,estimationoiseau) VALUES (111,15,10,NULL);
INSERT INTO a_ete_vu(numreleve,numespece,nbOiseau,estimationoiseau) VALUES (111,16,18,NULL);
INSERT INTO a_ete_vu(numreleve,numespece,nbOiseau,estimationoiseau) VALUES (111,18,12,NULL);
INSERT INTO a_ete_vu(numreleve,numespece,nbOiseau,estimationoiseau) VALUES (111,19,11,NULL);
INSERT INTO a_ete_vu(numreleve,numespece,nbOiseau,estimationoiseau) VALUES (111,20,17,NULL);
INSERT INTO a_ete_vu(numreleve,numespece,nbOiseau,estimationoiseau) VALUES (112,1,8,NULL);
INSERT INTO a_ete_vu(numreleve,numespece,nbOiseau,estimationoiseau) VALUES (112,2,2,NULL);
INSERT INTO a_ete_vu(numreleve,numespece,nbOiseau,estimationoiseau) VALUES (112,3,11,NULL);
INSERT INTO a_ete_vu(numreleve,numespece,nbOiseau,estimationoiseau) VALUES (112,5,9,NULL);
INSERT INTO a_ete_vu(numreleve,numespece,nbOiseau,estimationoiseau) VALUES (112,8,6,NULL);
INSERT INTO a_ete_vu(numreleve,numespece,nbOiseau,estimationoiseau) VALUES (112,9,7,NULL);
INSERT INTO a_ete_vu(numreleve,numespece,nbOiseau,estimationoiseau) VALUES (112,10,7,NULL);
INSERT INTO a_ete_vu(numreleve,numespece,nbOiseau,estimationoiseau) VALUES (112,11,6,NULL);
INSERT INTO a_ete_vu(numreleve,numespece,nbOiseau,estimationoiseau) VALUES (112,14,6,NULL);
INSERT INTO a_ete_vu(numreleve,numespece,nbOiseau,estimationoiseau) VALUES (112,16,11,NULL);
INSERT INTO a_ete_vu(numreleve,numespece,nbOiseau,estimationoiseau) VALUES (112,19,10,NULL);
INSERT INTO a_ete_vu(numreleve,numespece,nbOiseau,estimationoiseau) VALUES (112,20,7,NULL);
INSERT INTO a_ete_vu(numreleve,numespece,nbOiseau,estimationoiseau) VALUES (113,1,8,NULL);
INSERT INTO a_ete_vu(numreleve,numespece,nbOiseau,estimationoiseau) VALUES (113,4,12,NULL);
INSERT INTO a_ete_vu(numreleve,numespece,nbOiseau,estimationoiseau) VALUES (113,5,7,NULL);
INSERT INTO a_ete_vu(numreleve,numespece,nbOiseau,estimationoiseau) VALUES (113,8,5,NULL);
INSERT INTO a_ete_vu(numreleve,numespece,nbOiseau,estimationoiseau) VALUES (113,9,14,NULL);
INSERT INTO a_ete_vu(numreleve,numespece,nbOiseau,estimationoiseau) VALUES (113,10,20,NULL);
INSERT INTO a_ete_vu(numreleve,numespece,nbOiseau,estimationoiseau) VALUES (113,11,18,NULL);
INSERT INTO a_ete_vu(numreleve,numespece,nbOiseau,estimationoiseau) VALUES (113,12,14,NULL);
INSERT INTO a_ete_vu(numreleve,numespece,nbOiseau,estimationoiseau) VALUES (113,13,16,NULL);
INSERT INTO a_ete_vu(numreleve,numespece,nbOiseau,estimationoiseau) VALUES (113,14,14,NULL);
INSERT INTO a_ete_vu(numreleve,numespece,nbOiseau,estimationoiseau) VALUES (113,15,11,NULL);
INSERT INTO a_ete_vu(numreleve,numespece,nbOiseau,estimationoiseau) VALUES (113,16,13,NULL);
INSERT INTO a_ete_vu(numreleve,numespece,nbOiseau,estimationoiseau) VALUES (113,17,12,NULL);
INSERT INTO a_ete_vu(numreleve,numespece,nbOiseau,estimationoiseau) VALUES (113,18,17,NULL);
INSERT INTO a_ete_vu(numreleve,numespece,nbOiseau,estimationoiseau) VALUES (113,20,10,NULL);
INSERT INTO a_ete_vu(numreleve,numespece,nbOiseau,estimationoiseau) VALUES (114,1,20,NULL);
INSERT INTO a_ete_vu(numreleve,numespece,nbOiseau,estimationoiseau) VALUES (114,2,18,NULL);
INSERT INTO a_ete_vu(numreleve,numespece,nbOiseau,estimationoiseau) VALUES (114,3,11,NULL);
INSERT INTO a_ete_vu(numreleve,numespece,nbOiseau,estimationoiseau) VALUES (114,4,9,NULL);
INSERT INTO a_ete_vu(numreleve,numespece,nbOiseau,estimationoiseau) VALUES (114,5,24,NULL);
INSERT INTO a_ete_vu(numreleve,numespece,nbOiseau,estimationoiseau) VALUES (114,7,17,NULL);
INSERT INTO a_ete_vu(numreleve,numespece,nbOiseau,estimationoiseau) VALUES (114,9,11,NULL);
INSERT INTO a_ete_vu(numreleve,numespece,nbOiseau,estimationoiseau) VALUES (114,10,19,NULL);
INSERT INTO a_ete_vu(numreleve,numespece,nbOiseau,estimationoiseau) VALUES (114,11,14,NULL);
INSERT INTO a_ete_vu(numreleve,numespece,nbOiseau,estimationoiseau) VALUES (114,12,18,NULL);
INSERT INTO a_ete_vu(numreleve,numespece,nbOiseau,estimationoiseau) VALUES (114,15,20,NULL);
INSERT INTO a_ete_vu(numreleve,numespece,nbOiseau,estimationoiseau) VALUES (114,18,6,NULL);
INSERT INTO a_ete_vu(numreleve,numespece,nbOiseau,estimationoiseau) VALUES (114,19,24,NULL);
INSERT INTO a_ete_vu(numreleve,numespece,nbOiseau,estimationoiseau) VALUES (114,20,3,NULL);
INSERT INTO a_ete_vu(numreleve,numespece,nbOiseau,estimationoiseau) VALUES (115,1,6,NULL);
INSERT INTO a_ete_vu(numreleve,numespece,nbOiseau,estimationoiseau) VALUES (115,3,5,NULL);
INSERT INTO a_ete_vu(numreleve,numespece,nbOiseau,estimationoiseau) VALUES (115,5,7,NULL);
INSERT INTO a_ete_vu(numreleve,numespece,nbOiseau,estimationoiseau) VALUES (115,6,6,NULL);
INSERT INTO a_ete_vu(numreleve,numespece,nbOiseau,estimationoiseau) VALUES (115,7,11,NULL);
INSERT INTO a_ete_vu(numreleve,numespece,nbOiseau,estimationoiseau) VALUES (115,8,5,NULL);
INSERT INTO a_ete_vu(numreleve,numespece,nbOiseau,estimationoiseau) VALUES (115,10,5,NULL);
INSERT INTO a_ete_vu(numreleve,numespece,nbOiseau,estimationoiseau) VALUES (115,11,5,NULL);
INSERT INTO a_ete_vu(numreleve,numespece,nbOiseau,estimationoiseau) VALUES (115,12,4,NULL);
INSERT INTO a_ete_vu(numreleve,numespece,nbOiseau,estimationoiseau) VALUES (115,13,6,NULL);
INSERT INTO a_ete_vu(numreleve,numespece,nbOiseau,estimationoiseau) VALUES (115,14,13,NULL);
INSERT INTO a_ete_vu(numreleve,numespece,nbOiseau,estimationoiseau) VALUES (115,15,10,NULL);
INSERT INTO a_ete_vu(numreleve,numespece,nbOiseau,estimationoiseau) VALUES (115,16,4,NULL);
INSERT INTO a_ete_vu(numreleve,numespece,nbOiseau,estimationoiseau) VALUES (115,17,8,NULL);
INSERT INTO a_ete_vu(numreleve,numespece,nbOiseau,estimationoiseau) VALUES (115,18,9,NULL);
INSERT INTO a_ete_vu(numreleve,numespece,nbOiseau,estimationoiseau) VALUES (115,20,4,NULL);
INSERT INTO a_ete_vu(numreleve,numespece,nbOiseau,estimationoiseau) VALUES (116,1,11,NULL);
INSERT INTO a_ete_vu(numreleve,numespece,nbOiseau,estimationoiseau) VALUES (116,2,8,NULL);
INSERT INTO a_ete_vu(numreleve,numespece,nbOiseau,estimationoiseau) VALUES (116,3,7,NULL);
INSERT INTO a_ete_vu(numreleve,numespece,nbOiseau,estimationoiseau) VALUES (116,4,6,NULL);
INSERT INTO a_ete_vu(numreleve,numespece,nbOiseau,estimationoiseau) VALUES (116,6,9,NULL);
INSERT INTO a_ete_vu(numreleve,numespece,nbOiseau,estimationoiseau) VALUES (116,7,24,NULL);
INSERT INTO a_ete_vu(numreleve,numespece,nbOiseau,estimationoiseau) VALUES (116,8,17,NULL);
INSERT INTO a_ete_vu(numreleve,numespece,nbOiseau,estimationoiseau) VALUES (116,9,13,NULL);
INSERT INTO a_ete_vu(numreleve,numespece,nbOiseau,estimationoiseau) VALUES (116,10,20,NULL);
INSERT INTO a_ete_vu(numreleve,numespece,nbOiseau,estimationoiseau) VALUES (116,12,13,NULL);
INSERT INTO a_ete_vu(numreleve,numespece,nbOiseau,estimationoiseau) VALUES (116,13,24,NULL);
INSERT INTO a_ete_vu(numreleve,numespece,nbOiseau,estimationoiseau) VALUES (116,14,12,NULL);
INSERT INTO a_ete_vu(numreleve,numespece,nbOiseau,estimationoiseau) VALUES (116,15,15,NULL);
INSERT INTO a_ete_vu(numreleve,numespece,nbOiseau,estimationoiseau) VALUES (116,16,28,NULL);
INSERT INTO a_ete_vu(numreleve,numespece,nbOiseau,estimationoiseau) VALUES (116,18,14,NULL);
INSERT INTO a_ete_vu(numreleve,numespece,nbOiseau,estimationoiseau) VALUES (116,19,16,NULL);
INSERT INTO a_ete_vu(numreleve,numespece,nbOiseau,estimationoiseau) VALUES (117,1,14,NULL);
INSERT INTO a_ete_vu(numreleve,numespece,nbOiseau,estimationoiseau) VALUES (117,2,7,NULL);
INSERT INTO a_ete_vu(numreleve,numespece,nbOiseau,estimationoiseau) VALUES (117,3,17,NULL);
INSERT INTO a_ete_vu(numreleve,numespece,nbOiseau,estimationoiseau) VALUES (117,4,8,NULL);
INSERT INTO a_ete_vu(numreleve,numespece,nbOiseau,estimationoiseau) VALUES (117,5,7,NULL);
INSERT INTO a_ete_vu(numreleve,numespece,nbOiseau,estimationoiseau) VALUES (117,9,12,NULL);
INSERT INTO a_ete_vu(numreleve,numespece,nbOiseau,estimationoiseau) VALUES (117,11,13,NULL);
INSERT INTO a_ete_vu(numreleve,numespece,nbOiseau,estimationoiseau) VALUES (117,12,15,NULL);
INSERT INTO a_ete_vu(numreleve,numespece,nbOiseau,estimationoiseau) VALUES (117,13,16,NULL);
INSERT INTO a_ete_vu(numreleve,numespece,nbOiseau,estimationoiseau) VALUES (117,14,11,NULL);
INSERT INTO a_ete_vu(numreleve,numespece,nbOiseau,estimationoiseau) VALUES (117,18,14,NULL);
INSERT INTO a_ete_vu(numreleve,numespece,nbOiseau,estimationoiseau) VALUES (117,19,16,NULL);
INSERT INTO a_ete_vu(numreleve,numespece,nbOiseau,estimationoiseau) VALUES (117,20,12,NULL);
INSERT INTO a_ete_vu(numreleve,numespece,nbOiseau,estimationoiseau) VALUES (118,1,11,NULL);
INSERT INTO a_ete_vu(numreleve,numespece,nbOiseau,estimationoiseau) VALUES (118,2,7,NULL);
INSERT INTO a_ete_vu(numreleve,numespece,nbOiseau,estimationoiseau) VALUES (118,3,7,NULL);
INSERT INTO a_ete_vu(numreleve,numespece,nbOiseau,estimationoiseau) VALUES (118,4,7,NULL);
INSERT INTO a_ete_vu(numreleve,numespece,nbOiseau,estimationoiseau) VALUES (118,5,2,NULL);
INSERT INTO a_ete_vu(numreleve,numespece,nbOiseau,estimationoiseau) VALUES (118,6,9,NULL);
INSERT INTO a_ete_vu(numreleve,numespece,nbOiseau,estimationoiseau) VALUES (118,7,6,NULL);
INSERT INTO a_ete_vu(numreleve,numespece,nbOiseau,estimationoiseau) VALUES (118,8,7,NULL);
INSERT INTO a_ete_vu(numreleve,numespece,nbOiseau,estimationoiseau) VALUES (118,9,7,NULL);
INSERT INTO a_ete_vu(numreleve,numespece,nbOiseau,estimationoiseau) VALUES (118,11,7,NULL);
INSERT INTO a_ete_vu(numreleve,numespece,nbOiseau,estimationoiseau) VALUES (118,12,8,NULL);
INSERT INTO a_ete_vu(numreleve,numespece,nbOiseau,estimationoiseau) VALUES (118,15,9,NULL);
INSERT INTO a_ete_vu(numreleve,numespece,nbOiseau,estimationoiseau) VALUES (118,16,11,NULL);
INSERT INTO a_ete_vu(numreleve,numespece,nbOiseau,estimationoiseau) VALUES (118,17,10,NULL);
INSERT INTO a_ete_vu(numreleve,numespece,nbOiseau,estimationoiseau) VALUES (118,18,12,NULL);
INSERT INTO a_ete_vu(numreleve,numespece,nbOiseau,estimationoiseau) VALUES (118,20,3,NULL);
INSERT INTO a_ete_vu(numreleve,numespece,nbOiseau,estimationoiseau) VALUES (119,4,18,NULL);
INSERT INTO a_ete_vu(numreleve,numespece,nbOiseau,estimationoiseau) VALUES (119,6,9,NULL);
INSERT INTO a_ete_vu(numreleve,numespece,nbOiseau,estimationoiseau) VALUES (119,7,17,NULL);
INSERT INTO a_ete_vu(numreleve,numespece,nbOiseau,estimationoiseau) VALUES (119,8,13,NULL);
INSERT INTO a_ete_vu(numreleve,numespece,nbOiseau,estimationoiseau) VALUES (119,9,2,NULL);
INSERT INTO a_ete_vu(numreleve,numespece,nbOiseau,estimationoiseau) VALUES (119,10,12,NULL);
INSERT INTO a_ete_vu(numreleve,numespece,nbOiseau,estimationoiseau) VALUES (119,11,13,NULL);
INSERT INTO a_ete_vu(numreleve,numespece,nbOiseau,estimationoiseau) VALUES (119,13,13,NULL);
INSERT INTO a_ete_vu(numreleve,numespece,nbOiseau,estimationoiseau) VALUES (119,15,9,NULL);
INSERT INTO a_ete_vu(numreleve,numespece,nbOiseau,estimationoiseau) VALUES (119,18,15,NULL);
INSERT INTO a_ete_vu(numreleve,numespece,nbOiseau,estimationoiseau) VALUES (119,19,5,NULL);
INSERT INTO a_ete_vu(numreleve,numespece,nbOiseau,estimationoiseau) VALUES (120,1,6,NULL);
INSERT INTO a_ete_vu(numreleve,numespece,nbOiseau,estimationoiseau) VALUES (120,3,16,NULL);
INSERT INTO a_ete_vu(numreleve,numespece,nbOiseau,estimationoiseau) VALUES (120,4,13,NULL);
INSERT INTO a_ete_vu(numreleve,numespece,nbOiseau,estimationoiseau) VALUES (120,5,10,NULL);
INSERT INTO a_ete_vu(numreleve,numespece,nbOiseau,estimationoiseau) VALUES (120,6,11,NULL);
INSERT INTO a_ete_vu(numreleve,numespece,nbOiseau,estimationoiseau) VALUES (120,7,19,NULL);
INSERT INTO a_ete_vu(numreleve,numespece,nbOiseau,estimationoiseau) VALUES (120,8,13,NULL);
INSERT INTO a_ete_vu(numreleve,numespece,nbOiseau,estimationoiseau) VALUES (120,9,14,NULL);
INSERT INTO a_ete_vu(numreleve,numespece,nbOiseau,estimationoiseau) VALUES (120,10,18,NULL);
INSERT INTO a_ete_vu(numreleve,numespece,nbOiseau,estimationoiseau) VALUES (120,11,12,NULL);
INSERT INTO a_ete_vu(numreleve,numespece,nbOiseau,estimationoiseau) VALUES (120,13,13,NULL);
INSERT INTO a_ete_vu(numreleve,numespece,nbOiseau,estimationoiseau) VALUES (120,14,6,NULL);
INSERT INTO a_ete_vu(numreleve,numespece,nbOiseau,estimationoiseau) VALUES (120,16,9,NULL);
INSERT INTO a_ete_vu(numreleve,numespece,nbOiseau,estimationoiseau) VALUES (120,18,13,NULL);
INSERT INTO a_ete_vu(numreleve,numespece,nbOiseau,estimationoiseau) VALUES (120,19,3,NULL);
INSERT INTO a_ete_vu(numreleve,numespece,nbOiseau,estimationoiseau) VALUES (120,20,12,NULL);
INSERT INTO a_ete_vu(numreleve,numespece,nbOiseau,estimationoiseau) VALUES (121,1,3,NULL);
INSERT INTO a_ete_vu(numreleve,numespece,nbOiseau,estimationoiseau) VALUES (121,2,13,NULL);
INSERT INTO a_ete_vu(numreleve,numespece,nbOiseau,estimationoiseau) VALUES (121,3,6,NULL);
INSERT INTO a_ete_vu(numreleve,numespece,nbOiseau,estimationoiseau) VALUES (121,6,12,NULL);
INSERT INTO a_ete_vu(numreleve,numespece,nbOiseau,estimationoiseau) VALUES (121,7,2,NULL);
INSERT INTO a_ete_vu(numreleve,numespece,nbOiseau,estimationoiseau) VALUES (121,10,12,NULL);
INSERT INTO a_ete_vu(numreleve,numespece,nbOiseau,estimationoiseau) VALUES (121,11,11,NULL);
INSERT INTO a_ete_vu(numreleve,numespece,nbOiseau,estimationoiseau) VALUES (121,12,12,NULL);
INSERT INTO a_ete_vu(numreleve,numespece,nbOiseau,estimationoiseau) VALUES (121,14,12,NULL);
INSERT INTO a_ete_vu(numreleve,numespece,nbOiseau,estimationoiseau) VALUES (121,16,24,NULL);
INSERT INTO a_ete_vu(numreleve,numespece,nbOiseau,estimationoiseau) VALUES (121,17,13,NULL);
INSERT INTO a_ete_vu(numreleve,numespece,nbOiseau,estimationoiseau) VALUES (121,18,16,NULL);
INSERT INTO a_ete_vu(numreleve,numespece,nbOiseau,estimationoiseau) VALUES (121,19,9,NULL);
INSERT INTO a_ete_vu(numreleve,numespece,nbOiseau,estimationoiseau) VALUES (122,1,15,NULL);
INSERT INTO a_ete_vu(numreleve,numespece,nbOiseau,estimationoiseau) VALUES (122,2,12,NULL);
INSERT INTO a_ete_vu(numreleve,numespece,nbOiseau,estimationoiseau) VALUES (122,3,17,NULL);
INSERT INTO a_ete_vu(numreleve,numespece,nbOiseau,estimationoiseau) VALUES (122,5,18,NULL);
INSERT INTO a_ete_vu(numreleve,numespece,nbOiseau,estimationoiseau) VALUES (122,6,16,NULL);
INSERT INTO a_ete_vu(numreleve,numespece,nbOiseau,estimationoiseau) VALUES (122,8,17,NULL);
INSERT INTO a_ete_vu(numreleve,numespece,nbOiseau,estimationoiseau) VALUES (122,9,14,NULL);
INSERT INTO a_ete_vu(numreleve,numespece,nbOiseau,estimationoiseau) VALUES (122,12,8,NULL);
INSERT INTO a_ete_vu(numreleve,numespece,nbOiseau,estimationoiseau) VALUES (122,13,9,NULL);
INSERT INTO a_ete_vu(numreleve,numespece,nbOiseau,estimationoiseau) VALUES (122,14,9,NULL);
INSERT INTO a_ete_vu(numreleve,numespece,nbOiseau,estimationoiseau) VALUES (122,15,18,NULL);
INSERT INTO a_ete_vu(numreleve,numespece,nbOiseau,estimationoiseau) VALUES (123,2,2,NULL);
INSERT INTO a_ete_vu(numreleve,numespece,nbOiseau,estimationoiseau) VALUES (123,3,5,NULL);
INSERT INTO a_ete_vu(numreleve,numespece,nbOiseau,estimationoiseau) VALUES (123,6,5,NULL);
INSERT INTO a_ete_vu(numreleve,numespece,nbOiseau,estimationoiseau) VALUES (123,7,5,NULL);
INSERT INTO a_ete_vu(numreleve,numespece,nbOiseau,estimationoiseau) VALUES (123,8,3,NULL);
INSERT INTO a_ete_vu(numreleve,numespece,nbOiseau,estimationoiseau) VALUES (123,9,5,NULL);
INSERT INTO a_ete_vu(numreleve,numespece,nbOiseau,estimationoiseau) VALUES (123,11,2,NULL);
INSERT INTO a_ete_vu(numreleve,numespece,nbOiseau,estimationoiseau) VALUES (123,13,1,NULL);
INSERT INTO a_ete_vu(numreleve,numespece,nbOiseau,estimationoiseau) VALUES (123,14,5,NULL);
INSERT INTO a_ete_vu(numreleve,numespece,nbOiseau,estimationoiseau) VALUES (123,16,2,NULL);
INSERT INTO a_ete_vu(numreleve,numespece,nbOiseau,estimationoiseau) VALUES (123,17,2,NULL);
INSERT INTO a_ete_vu(numreleve,numespece,nbOiseau,estimationoiseau) VALUES (123,18,7,NULL);
INSERT INTO a_ete_vu(numreleve,numespece,nbOiseau,estimationoiseau) VALUES (123,19,4,NULL);
INSERT INTO a_ete_vu(numreleve,numespece,nbOiseau,estimationoiseau) VALUES (124,1,10,NULL);
INSERT INTO a_ete_vu(numreleve,numespece,nbOiseau,estimationoiseau) VALUES (124,2,6,NULL);
INSERT INTO a_ete_vu(numreleve,numespece,nbOiseau,estimationoiseau) VALUES (124,3,8,NULL);
INSERT INTO a_ete_vu(numreleve,numespece,nbOiseau,estimationoiseau) VALUES (124,4,17,NULL);
INSERT INTO a_ete_vu(numreleve,numespece,nbOiseau,estimationoiseau) VALUES (124,6,9,NULL);
INSERT INTO a_ete_vu(numreleve,numespece,nbOiseau,estimationoiseau) VALUES (124,7,18,NULL);
INSERT INTO a_ete_vu(numreleve,numespece,nbOiseau,estimationoiseau) VALUES (124,8,8,NULL);
INSERT INTO a_ete_vu(numreleve,numespece,nbOiseau,estimationoiseau) VALUES (124,9,14,NULL);
INSERT INTO a_ete_vu(numreleve,numespece,nbOiseau,estimationoiseau) VALUES (124,10,14,NULL);
INSERT INTO a_ete_vu(numreleve,numespece,nbOiseau,estimationoiseau) VALUES (124,11,9,NULL);
INSERT INTO a_ete_vu(numreleve,numespece,nbOiseau,estimationoiseau) VALUES (124,14,10,NULL);
INSERT INTO a_ete_vu(numreleve,numespece,nbOiseau,estimationoiseau) VALUES (124,15,13,NULL);
INSERT INTO a_ete_vu(numreleve,numespece,nbOiseau,estimationoiseau) VALUES (124,16,5,NULL);
INSERT INTO a_ete_vu(numreleve,numespece,nbOiseau,estimationoiseau) VALUES (124,18,14,NULL);
INSERT INTO a_ete_vu(numreleve,numespece,nbOiseau,estimationoiseau) VALUES (124,19,7,NULL);
INSERT INTO a_ete_vu(numreleve,numespece,nbOiseau,estimationoiseau) VALUES (124,20,17,NULL);
INSERT INTO a_ete_vu(numreleve,numespece,nbOiseau,estimationoiseau) VALUES (125,1,17,NULL);
INSERT INTO a_ete_vu(numreleve,numespece,nbOiseau,estimationoiseau) VALUES (125,2,20,NULL);
INSERT INTO a_ete_vu(numreleve,numespece,nbOiseau,estimationoiseau) VALUES (125,3,9,NULL);
INSERT INTO a_ete_vu(numreleve,numespece,nbOiseau,estimationoiseau) VALUES (125,4,13,NULL);
INSERT INTO a_ete_vu(numreleve,numespece,nbOiseau,estimationoiseau) VALUES (125,5,13,NULL);
INSERT INTO a_ete_vu(numreleve,numespece,nbOiseau,estimationoiseau) VALUES (125,6,14,NULL);
INSERT INTO a_ete_vu(numreleve,numespece,nbOiseau,estimationoiseau) VALUES (125,7,6,NULL);
INSERT INTO a_ete_vu(numreleve,numespece,nbOiseau,estimationoiseau) VALUES (125,8,10,NULL);
INSERT INTO a_ete_vu(numreleve,numespece,nbOiseau,estimationoiseau) VALUES (125,10,13,NULL);
INSERT INTO a_ete_vu(numreleve,numespece,nbOiseau,estimationoiseau) VALUES (125,11,15,NULL);
INSERT INTO a_ete_vu(numreleve,numespece,nbOiseau,estimationoiseau) VALUES (125,12,2,NULL);
INSERT INTO a_ete_vu(numreleve,numespece,nbOiseau,estimationoiseau) VALUES (125,13,19,NULL);
INSERT INTO a_ete_vu(numreleve,numespece,nbOiseau,estimationoiseau) VALUES (125,14,15,NULL);
INSERT INTO a_ete_vu(numreleve,numespece,nbOiseau,estimationoiseau) VALUES (125,15,6,NULL);
INSERT INTO a_ete_vu(numreleve,numespece,nbOiseau,estimationoiseau) VALUES (125,16,10,NULL);
INSERT INTO a_ete_vu(numreleve,numespece,nbOiseau,estimationoiseau) VALUES (125,17,13,NULL);
INSERT INTO a_ete_vu(numreleve,numespece,nbOiseau,estimationoiseau) VALUES (126,1,8,NULL);
INSERT INTO a_ete_vu(numreleve,numespece,nbOiseau,estimationoiseau) VALUES (126,2,12,NULL);
INSERT INTO a_ete_vu(numreleve,numespece,nbOiseau,estimationoiseau) VALUES (126,4,4,NULL);
INSERT INTO a_ete_vu(numreleve,numespece,nbOiseau,estimationoiseau) VALUES (126,5,6,NULL);
INSERT INTO a_ete_vu(numreleve,numespece,nbOiseau,estimationoiseau) VALUES (126,6,29,NULL);
INSERT INTO a_ete_vu(numreleve,numespece,nbOiseau,estimationoiseau) VALUES (126,7,7,NULL);
INSERT INTO a_ete_vu(numreleve,numespece,nbOiseau,estimationoiseau) VALUES (126,10,4,NULL);
INSERT INTO a_ete_vu(numreleve,numespece,nbOiseau,estimationoiseau) VALUES (126,11,9,NULL);
INSERT INTO a_ete_vu(numreleve,numespece,nbOiseau,estimationoiseau) VALUES (126,12,8,NULL);
INSERT INTO a_ete_vu(numreleve,numespece,nbOiseau,estimationoiseau) VALUES (126,13,1,NULL);
INSERT INTO a_ete_vu(numreleve,numespece,nbOiseau,estimationoiseau) VALUES (126,14,10,NULL);
INSERT INTO a_ete_vu(numreleve,numespece,nbOiseau,estimationoiseau) VALUES (126,16,3,NULL);
INSERT INTO a_ete_vu(numreleve,numespece,nbOiseau,estimationoiseau) VALUES (126,18,7,NULL);
INSERT INTO a_ete_vu(numreleve,numespece,nbOiseau,estimationoiseau) VALUES (126,19,14,NULL);
INSERT INTO a_ete_vu(numreleve,numespece,nbOiseau,estimationoiseau) VALUES (126,20,5,NULL);
INSERT INTO a_ete_vu(numreleve,numespece,nbOiseau,estimationoiseau) VALUES (127,3,3,NULL);
INSERT INTO a_ete_vu(numreleve,numespece,nbOiseau,estimationoiseau) VALUES (127,4,4,NULL);
INSERT INTO a_ete_vu(numreleve,numespece,nbOiseau,estimationoiseau) VALUES (127,5,2,NULL);
INSERT INTO a_ete_vu(numreleve,numespece,nbOiseau,estimationoiseau) VALUES (127,6,1,NULL);
INSERT INTO a_ete_vu(numreleve,numespece,nbOiseau,estimationoiseau) VALUES (127,7,4,NULL);
INSERT INTO a_ete_vu(numreleve,numespece,nbOiseau,estimationoiseau) VALUES (127,8,4,NULL);
INSERT INTO a_ete_vu(numreleve,numespece,nbOiseau,estimationoiseau) VALUES (127,9,5,NULL);
INSERT INTO a_ete_vu(numreleve,numespece,nbOiseau,estimationoiseau) VALUES (127,10,5,NULL);
INSERT INTO a_ete_vu(numreleve,numespece,nbOiseau,estimationoiseau) VALUES (127,11,4,NULL);
INSERT INTO a_ete_vu(numreleve,numespece,nbOiseau,estimationoiseau) VALUES (127,13,5,NULL);
INSERT INTO a_ete_vu(numreleve,numespece,nbOiseau,estimationoiseau) VALUES (127,15,4,NULL);
INSERT INTO a_ete_vu(numreleve,numespece,nbOiseau,estimationoiseau) VALUES (127,16,4,NULL);
INSERT INTO a_ete_vu(numreleve,numespece,nbOiseau,estimationoiseau) VALUES (127,17,4,NULL);
INSERT INTO a_ete_vu(numreleve,numespece,nbOiseau,estimationoiseau) VALUES (127,18,4,NULL);
INSERT INTO a_ete_vu(numreleve,numespece,nbOiseau,estimationoiseau) VALUES (127,20,3,NULL);
INSERT INTO a_ete_vu(numreleve,numespece,nbOiseau,estimationoiseau) VALUES (128,1,10,NULL);
INSERT INTO a_ete_vu(numreleve,numespece,nbOiseau,estimationoiseau) VALUES (128,2,9,NULL);
INSERT INTO a_ete_vu(numreleve,numespece,nbOiseau,estimationoiseau) VALUES (128,4,22,NULL);
INSERT INTO a_ete_vu(numreleve,numespece,nbOiseau,estimationoiseau) VALUES (128,5,11,NULL);
INSERT INTO a_ete_vu(numreleve,numespece,nbOiseau,estimationoiseau) VALUES (128,6,18,NULL);
INSERT INTO a_ete_vu(numreleve,numespece,nbOiseau,estimationoiseau) VALUES (128,8,6,NULL);
INSERT INTO a_ete_vu(numreleve,numespece,nbOiseau,estimationoiseau) VALUES (128,9,14,NULL);
INSERT INTO a_ete_vu(numreleve,numespece,nbOiseau,estimationoiseau) VALUES (128,11,13,NULL);
INSERT INTO a_ete_vu(numreleve,numespece,nbOiseau,estimationoiseau) VALUES (128,12,14,NULL);
INSERT INTO a_ete_vu(numreleve,numespece,nbOiseau,estimationoiseau) VALUES (128,13,9,NULL);
INSERT INTO a_ete_vu(numreleve,numespece,nbOiseau,estimationoiseau) VALUES (128,14,13,NULL);
INSERT INTO a_ete_vu(numreleve,numespece,nbOiseau,estimationoiseau) VALUES (128,15,12,NULL);
INSERT INTO a_ete_vu(numreleve,numespece,nbOiseau,estimationoiseau) VALUES (128,16,13,NULL);
INSERT INTO a_ete_vu(numreleve,numespece,nbOiseau,estimationoiseau) VALUES (128,17,4,NULL);
INSERT INTO a_ete_vu(numreleve,numespece,nbOiseau,estimationoiseau) VALUES (128,18,14,NULL);
INSERT INTO a_ete_vu(numreleve,numespece,nbOiseau,estimationoiseau) VALUES (128,20,13,NULL);
INSERT INTO a_ete_vu(numreleve,numespece,nbOiseau,estimationoiseau) VALUES (129,2,9,NULL);
INSERT INTO a_ete_vu(numreleve,numespece,nbOiseau,estimationoiseau) VALUES (129,3,3,NULL);
INSERT INTO a_ete_vu(numreleve,numespece,nbOiseau,estimationoiseau) VALUES (129,4,12,NULL);
INSERT INTO a_ete_vu(numreleve,numespece,nbOiseau,estimationoiseau) VALUES (129,5,9,NULL);
INSERT INTO a_ete_vu(numreleve,numespece,nbOiseau,estimationoiseau) VALUES (129,7,12,NULL);
INSERT INTO a_ete_vu(numreleve,numespece,nbOiseau,estimationoiseau) VALUES (129,8,14,NULL);
INSERT INTO a_ete_vu(numreleve,numespece,nbOiseau,estimationoiseau) VALUES (129,10,11,NULL);
INSERT INTO a_ete_vu(numreleve,numespece,nbOiseau,estimationoiseau) VALUES (129,11,9,NULL);
INSERT INTO a_ete_vu(numreleve,numespece,nbOiseau,estimationoiseau) VALUES (129,14,13,NULL);
INSERT INTO a_ete_vu(numreleve,numespece,nbOiseau,estimationoiseau) VALUES (129,15,17,NULL);
INSERT INTO a_ete_vu(numreleve,numespece,nbOiseau,estimationoiseau) VALUES (129,16,7,NULL);
INSERT INTO a_ete_vu(numreleve,numespece,nbOiseau,estimationoiseau) VALUES (129,17,12,NULL);
INSERT INTO a_ete_vu(numreleve,numespece,nbOiseau,estimationoiseau) VALUES (129,19,14,NULL);
INSERT INTO a_ete_vu(numreleve,numespece,nbOiseau,estimationoiseau) VALUES (129,20,7,NULL);
INSERT INTO a_ete_vu(numreleve,numespece,nbOiseau,estimationoiseau) VALUES (130,2,4,NULL);
INSERT INTO a_ete_vu(numreleve,numespece,nbOiseau,estimationoiseau) VALUES (130,3,6,NULL);
INSERT INTO a_ete_vu(numreleve,numespece,nbOiseau,estimationoiseau) VALUES (130,4,3,NULL);
INSERT INTO a_ete_vu(numreleve,numespece,nbOiseau,estimationoiseau) VALUES (130,5,4,NULL);
INSERT INTO a_ete_vu(numreleve,numespece,nbOiseau,estimationoiseau) VALUES (130,7,4,NULL);
INSERT INTO a_ete_vu(numreleve,numespece,nbOiseau,estimationoiseau) VALUES (130,8,5,NULL);
INSERT INTO a_ete_vu(numreleve,numespece,nbOiseau,estimationoiseau) VALUES (130,9,4,NULL);
INSERT INTO a_ete_vu(numreleve,numespece,nbOiseau,estimationoiseau) VALUES (130,10,5,NULL);
INSERT INTO a_ete_vu(numreleve,numespece,nbOiseau,estimationoiseau) VALUES (130,11,5,NULL);
INSERT INTO a_ete_vu(numreleve,numespece,nbOiseau,estimationoiseau) VALUES (130,13,3,NULL);
INSERT INTO a_ete_vu(numreleve,numespece,nbOiseau,estimationoiseau) VALUES (130,14,5,NULL);
INSERT INTO a_ete_vu(numreleve,numespece,nbOiseau,estimationoiseau) VALUES (130,15,1,NULL);
INSERT INTO a_ete_vu(numreleve,numespece,nbOiseau,estimationoiseau) VALUES (130,16,4,NULL);
INSERT INTO a_ete_vu(numreleve,numespece,nbOiseau,estimationoiseau) VALUES (130,17,5,NULL);
INSERT INTO a_ete_vu(numreleve,numespece,nbOiseau,estimationoiseau) VALUES (130,18,6,NULL);
INSERT INTO a_ete_vu(numreleve,numespece,nbOiseau,estimationoiseau) VALUES (130,19,2,NULL);
INSERT INTO a_ete_vu(numreleve,numespece,nbOiseau,estimationoiseau) VALUES (131,2,13,NULL);
INSERT INTO a_ete_vu(numreleve,numespece,nbOiseau,estimationoiseau) VALUES (131,3,1,NULL);
INSERT INTO a_ete_vu(numreleve,numespece,nbOiseau,estimationoiseau) VALUES (131,4,17,NULL);
INSERT INTO a_ete_vu(numreleve,numespece,nbOiseau,estimationoiseau) VALUES (131,7,15,NULL);
INSERT INTO a_ete_vu(numreleve,numespece,nbOiseau,estimationoiseau) VALUES (131,8,8,NULL);
INSERT INTO a_ete_vu(numreleve,numespece,nbOiseau,estimationoiseau) VALUES (131,10,7,NULL);
INSERT INTO a_ete_vu(numreleve,numespece,nbOiseau,estimationoiseau) VALUES (131,11,15,NULL);
INSERT INTO a_ete_vu(numreleve,numespece,nbOiseau,estimationoiseau) VALUES (131,13,9,NULL);
INSERT INTO a_ete_vu(numreleve,numespece,nbOiseau,estimationoiseau) VALUES (131,14,11,NULL);
INSERT INTO a_ete_vu(numreleve,numespece,nbOiseau,estimationoiseau) VALUES (131,15,10,NULL);
INSERT INTO a_ete_vu(numreleve,numespece,nbOiseau,estimationoiseau) VALUES (131,16,12,NULL);
INSERT INTO a_ete_vu(numreleve,numespece,nbOiseau,estimationoiseau) VALUES (131,18,5,NULL);
INSERT INTO a_ete_vu(numreleve,numespece,nbOiseau,estimationoiseau) VALUES (132,1,13,NULL);
INSERT INTO a_ete_vu(numreleve,numespece,nbOiseau,estimationoiseau) VALUES (132,3,15,NULL);
INSERT INTO a_ete_vu(numreleve,numespece,nbOiseau,estimationoiseau) VALUES (132,4,10,NULL);
INSERT INTO a_ete_vu(numreleve,numespece,nbOiseau,estimationoiseau) VALUES (132,5,20,NULL);
INSERT INTO a_ete_vu(numreleve,numespece,nbOiseau,estimationoiseau) VALUES (132,6,13,NULL);
INSERT INTO a_ete_vu(numreleve,numespece,nbOiseau,estimationoiseau) VALUES (132,8,9,NULL);
INSERT INTO a_ete_vu(numreleve,numespece,nbOiseau,estimationoiseau) VALUES (132,10,16,NULL);
INSERT INTO a_ete_vu(numreleve,numespece,nbOiseau,estimationoiseau) VALUES (132,11,10,NULL);
INSERT INTO a_ete_vu(numreleve,numespece,nbOiseau,estimationoiseau) VALUES (132,13,18,NULL);
INSERT INTO a_ete_vu(numreleve,numespece,nbOiseau,estimationoiseau) VALUES (132,14,6,NULL);
INSERT INTO a_ete_vu(numreleve,numespece,nbOiseau,estimationoiseau) VALUES (132,15,11,NULL);
INSERT INTO a_ete_vu(numreleve,numespece,nbOiseau,estimationoiseau) VALUES (132,16,19,NULL);
INSERT INTO a_ete_vu(numreleve,numespece,nbOiseau,estimationoiseau) VALUES (132,17,11,NULL);
INSERT INTO a_ete_vu(numreleve,numespece,nbOiseau,estimationoiseau) VALUES (132,18,9,NULL);
INSERT INTO a_ete_vu(numreleve,numespece,nbOiseau,estimationoiseau) VALUES (133,1,2,NULL);
INSERT INTO a_ete_vu(numreleve,numespece,nbOiseau,estimationoiseau) VALUES (133,2,7,NULL);
INSERT INTO a_ete_vu(numreleve,numespece,nbOiseau,estimationoiseau) VALUES (133,4,8,NULL);
INSERT INTO a_ete_vu(numreleve,numespece,nbOiseau,estimationoiseau) VALUES (133,5,5,NULL);
INSERT INTO a_ete_vu(numreleve,numespece,nbOiseau,estimationoiseau) VALUES (133,7,3,NULL);
INSERT INTO a_ete_vu(numreleve,numespece,nbOiseau,estimationoiseau) VALUES (133,8,9,NULL);
INSERT INTO a_ete_vu(numreleve,numespece,nbOiseau,estimationoiseau) VALUES (133,10,13,NULL);
INSERT INTO a_ete_vu(numreleve,numespece,nbOiseau,estimationoiseau) VALUES (133,11,9,NULL);
INSERT INTO a_ete_vu(numreleve,numespece,nbOiseau,estimationoiseau) VALUES (133,13,11,NULL);
INSERT INTO a_ete_vu(numreleve,numespece,nbOiseau,estimationoiseau) VALUES (133,14,7,NULL);
INSERT INTO a_ete_vu(numreleve,numespece,nbOiseau,estimationoiseau) VALUES (133,16,10,NULL);
INSERT INTO a_ete_vu(numreleve,numespece,nbOiseau,estimationoiseau) VALUES (133,19,9,NULL);
INSERT INTO a_ete_vu(numreleve,numespece,nbOiseau,estimationoiseau) VALUES (134,1,15,NULL);
INSERT INTO a_ete_vu(numreleve,numespece,nbOiseau,estimationoiseau) VALUES (134,3,16,NULL);
INSERT INTO a_ete_vu(numreleve,numespece,nbOiseau,estimationoiseau) VALUES (134,4,16,NULL);
INSERT INTO a_ete_vu(numreleve,numespece,nbOiseau,estimationoiseau) VALUES (134,5,14,NULL);
INSERT INTO a_ete_vu(numreleve,numespece,nbOiseau,estimationoiseau) VALUES (134,6,5,NULL);
INSERT INTO a_ete_vu(numreleve,numespece,nbOiseau,estimationoiseau) VALUES (134,7,9,NULL);
INSERT INTO a_ete_vu(numreleve,numespece,nbOiseau,estimationoiseau) VALUES (134,8,7,NULL);
INSERT INTO a_ete_vu(numreleve,numespece,nbOiseau,estimationoiseau) VALUES (134,10,10,NULL);
INSERT INTO a_ete_vu(numreleve,numespece,nbOiseau,estimationoiseau) VALUES (134,11,13,NULL);
INSERT INTO a_ete_vu(numreleve,numespece,nbOiseau,estimationoiseau) VALUES (134,12,20,NULL);
INSERT INTO a_ete_vu(numreleve,numespece,nbOiseau,estimationoiseau) VALUES (134,13,15,NULL);
INSERT INTO a_ete_vu(numreleve,numespece,nbOiseau,estimationoiseau) VALUES (134,14,11,NULL);
INSERT INTO a_ete_vu(numreleve,numespece,nbOiseau,estimationoiseau) VALUES (134,15,7,NULL);
INSERT INTO a_ete_vu(numreleve,numespece,nbOiseau,estimationoiseau) VALUES (134,16,10,NULL);
INSERT INTO a_ete_vu(numreleve,numespece,nbOiseau,estimationoiseau) VALUES (134,17,16,NULL);
INSERT INTO a_ete_vu(numreleve,numespece,nbOiseau,estimationoiseau) VALUES (134,18,13,NULL);
INSERT INTO a_ete_vu(numreleve,numespece,nbOiseau,estimationoiseau) VALUES (134,19,9,NULL);
INSERT INTO a_ete_vu(numreleve,numespece,nbOiseau,estimationoiseau) VALUES (134,20,12,NULL);
INSERT INTO a_ete_vu(numreleve,numespece,nbOiseau,estimationoiseau) VALUES (135,1,10,NULL);
INSERT INTO a_ete_vu(numreleve,numespece,nbOiseau,estimationoiseau) VALUES (135,2,9,NULL);
INSERT INTO a_ete_vu(numreleve,numespece,nbOiseau,estimationoiseau) VALUES (135,4,9,NULL);
INSERT INTO a_ete_vu(numreleve,numespece,nbOiseau,estimationoiseau) VALUES (135,5,14,NULL);
INSERT INTO a_ete_vu(numreleve,numespece,nbOiseau,estimationoiseau) VALUES (135,7,16,NULL);
INSERT INTO a_ete_vu(numreleve,numespece,nbOiseau,estimationoiseau) VALUES (135,8,15,NULL);
INSERT INTO a_ete_vu(numreleve,numespece,nbOiseau,estimationoiseau) VALUES (135,9,3,NULL);
INSERT INTO a_ete_vu(numreleve,numespece,nbOiseau,estimationoiseau) VALUES (135,10,6,NULL);
INSERT INTO a_ete_vu(numreleve,numespece,nbOiseau,estimationoiseau) VALUES (135,13,10,NULL);
INSERT INTO a_ete_vu(numreleve,numespece,nbOiseau,estimationoiseau) VALUES (135,14,18,NULL);
INSERT INTO a_ete_vu(numreleve,numespece,nbOiseau,estimationoiseau) VALUES (135,17,10,NULL);
INSERT INTO a_ete_vu(numreleve,numespece,nbOiseau,estimationoiseau) VALUES (135,18,14,NULL);
INSERT INTO a_ete_vu(numreleve,numespece,nbOiseau,estimationoiseau) VALUES (135,19,14,NULL);
INSERT INTO a_ete_vu(numreleve,numespece,nbOiseau,estimationoiseau) VALUES (135,20,15,NULL);
INSERT INTO a_ete_vu(numreleve,numespece,nbOiseau,estimationoiseau) VALUES (136,2,17,NULL);
INSERT INTO a_ete_vu(numreleve,numespece,nbOiseau,estimationoiseau) VALUES (136,3,16,NULL);
INSERT INTO a_ete_vu(numreleve,numespece,nbOiseau,estimationoiseau) VALUES (136,4,5,NULL);
INSERT INTO a_ete_vu(numreleve,numespece,nbOiseau,estimationoiseau) VALUES (136,5,14,NULL);
INSERT INTO a_ete_vu(numreleve,numespece,nbOiseau,estimationoiseau) VALUES (136,7,5,NULL);
INSERT INTO a_ete_vu(numreleve,numespece,nbOiseau,estimationoiseau) VALUES (136,8,22,NULL);
INSERT INTO a_ete_vu(numreleve,numespece,nbOiseau,estimationoiseau) VALUES (136,9,13,NULL);
INSERT INTO a_ete_vu(numreleve,numespece,nbOiseau,estimationoiseau) VALUES (136,10,6,NULL);
INSERT INTO a_ete_vu(numreleve,numespece,nbOiseau,estimationoiseau) VALUES (136,11,12,NULL);
INSERT INTO a_ete_vu(numreleve,numespece,nbOiseau,estimationoiseau) VALUES (136,12,13,NULL);
INSERT INTO a_ete_vu(numreleve,numespece,nbOiseau,estimationoiseau) VALUES (136,14,15,NULL);
INSERT INTO a_ete_vu(numreleve,numespece,nbOiseau,estimationoiseau) VALUES (136,15,14,NULL);
INSERT INTO a_ete_vu(numreleve,numespece,nbOiseau,estimationoiseau) VALUES (136,16,3,NULL);
INSERT INTO a_ete_vu(numreleve,numespece,nbOiseau,estimationoiseau) VALUES (136,17,17,NULL);
INSERT INTO a_ete_vu(numreleve,numespece,nbOiseau,estimationoiseau) VALUES (136,18,11,NULL);
INSERT INTO a_ete_vu(numreleve,numespece,nbOiseau,estimationoiseau) VALUES (136,19,9,NULL);
INSERT INTO a_ete_vu(numreleve,numespece,nbOiseau,estimationoiseau) VALUES (136,20,15,NULL);
INSERT INTO a_ete_vu(numreleve,numespece,nbOiseau,estimationoiseau) VALUES (137,2,10,NULL);
INSERT INTO a_ete_vu(numreleve,numespece,nbOiseau,estimationoiseau) VALUES (137,5,6,NULL);
INSERT INTO a_ete_vu(numreleve,numespece,nbOiseau,estimationoiseau) VALUES (137,6,9,NULL);
INSERT INTO a_ete_vu(numreleve,numespece,nbOiseau,estimationoiseau) VALUES (137,7,17,NULL);
INSERT INTO a_ete_vu(numreleve,numespece,nbOiseau,estimationoiseau) VALUES (137,8,10,NULL);
INSERT INTO a_ete_vu(numreleve,numespece,nbOiseau,estimationoiseau) VALUES (137,10,14,NULL);
INSERT INTO a_ete_vu(numreleve,numespece,nbOiseau,estimationoiseau) VALUES (137,11,8,NULL);
INSERT INTO a_ete_vu(numreleve,numespece,nbOiseau,estimationoiseau) VALUES (137,12,15,NULL);
INSERT INTO a_ete_vu(numreleve,numespece,nbOiseau,estimationoiseau) VALUES (137,14,13,NULL);
INSERT INTO a_ete_vu(numreleve,numespece,nbOiseau,estimationoiseau) VALUES (137,15,13,NULL);
INSERT INTO a_ete_vu(numreleve,numespece,nbOiseau,estimationoiseau) VALUES (137,16,6,NULL);
INSERT INTO a_ete_vu(numreleve,numespece,nbOiseau,estimationoiseau) VALUES (137,20,2,NULL);
INSERT INTO a_ete_vu(numreleve,numespece,nbOiseau,estimationoiseau) VALUES (138,3,12,NULL);
INSERT INTO a_ete_vu(numreleve,numespece,nbOiseau,estimationoiseau) VALUES (138,4,15,NULL);
INSERT INTO a_ete_vu(numreleve,numespece,nbOiseau,estimationoiseau) VALUES (138,5,11,NULL);
INSERT INTO a_ete_vu(numreleve,numespece,nbOiseau,estimationoiseau) VALUES (138,9,11,NULL);
INSERT INTO a_ete_vu(numreleve,numespece,nbOiseau,estimationoiseau) VALUES (138,11,16,NULL);
INSERT INTO a_ete_vu(numreleve,numespece,nbOiseau,estimationoiseau) VALUES (138,12,12,NULL);
INSERT INTO a_ete_vu(numreleve,numespece,nbOiseau,estimationoiseau) VALUES (138,13,8,NULL);
INSERT INTO a_ete_vu(numreleve,numespece,nbOiseau,estimationoiseau) VALUES (138,14,18,NULL);
INSERT INTO a_ete_vu(numreleve,numespece,nbOiseau,estimationoiseau) VALUES (138,17,21,NULL);
INSERT INTO a_ete_vu(numreleve,numespece,nbOiseau,estimationoiseau) VALUES (138,18,10,NULL);
INSERT INTO a_ete_vu(numreleve,numespece,nbOiseau,estimationoiseau) VALUES (138,19,5,NULL);
INSERT INTO a_ete_vu(numreleve,numespece,nbOiseau,estimationoiseau) VALUES (139,1,7,NULL);
INSERT INTO a_ete_vu(numreleve,numespece,nbOiseau,estimationoiseau) VALUES (139,3,8,NULL);
INSERT INTO a_ete_vu(numreleve,numespece,nbOiseau,estimationoiseau) VALUES (139,5,4,NULL);
INSERT INTO a_ete_vu(numreleve,numespece,nbOiseau,estimationoiseau) VALUES (139,6,7,NULL);
INSERT INTO a_ete_vu(numreleve,numespece,nbOiseau,estimationoiseau) VALUES (139,7,7,NULL);
INSERT INTO a_ete_vu(numreleve,numespece,nbOiseau,estimationoiseau) VALUES (139,9,10,NULL);
INSERT INTO a_ete_vu(numreleve,numespece,nbOiseau,estimationoiseau) VALUES (139,11,5,NULL);
INSERT INTO a_ete_vu(numreleve,numespece,nbOiseau,estimationoiseau) VALUES (139,12,5,NULL);
INSERT INTO a_ete_vu(numreleve,numespece,nbOiseau,estimationoiseau) VALUES (139,14,10,NULL);
INSERT INTO a_ete_vu(numreleve,numespece,nbOiseau,estimationoiseau) VALUES (139,15,9,NULL);
INSERT INTO a_ete_vu(numreleve,numespece,nbOiseau,estimationoiseau) VALUES (139,16,9,NULL);
INSERT INTO a_ete_vu(numreleve,numespece,nbOiseau,estimationoiseau) VALUES (139,17,8,NULL);
INSERT INTO a_ete_vu(numreleve,numespece,nbOiseau,estimationoiseau) VALUES (139,19,8,NULL);
INSERT INTO a_ete_vu(numreleve,numespece,nbOiseau,estimationoiseau) VALUES (139,20,8,NULL);
INSERT INTO a_ete_vu(numreleve,numespece,nbOiseau,estimationoiseau) VALUES (140,1,3,NULL);
INSERT INTO a_ete_vu(numreleve,numespece,nbOiseau,estimationoiseau) VALUES (140,4,14,NULL);
INSERT INTO a_ete_vu(numreleve,numespece,nbOiseau,estimationoiseau) VALUES (140,5,9,NULL);
INSERT INTO a_ete_vu(numreleve,numespece,nbOiseau,estimationoiseau) VALUES (140,6,5,NULL);
INSERT INTO a_ete_vu(numreleve,numespece,nbOiseau,estimationoiseau) VALUES (140,7,14,NULL);
INSERT INTO a_ete_vu(numreleve,numespece,nbOiseau,estimationoiseau) VALUES (140,9,9,NULL);
INSERT INTO a_ete_vu(numreleve,numespece,nbOiseau,estimationoiseau) VALUES (140,10,14,NULL);
INSERT INTO a_ete_vu(numreleve,numespece,nbOiseau,estimationoiseau) VALUES (140,12,16,NULL);
INSERT INTO a_ete_vu(numreleve,numespece,nbOiseau,estimationoiseau) VALUES (140,13,14,NULL);
INSERT INTO a_ete_vu(numreleve,numespece,nbOiseau,estimationoiseau) VALUES (140,14,16,NULL);
INSERT INTO a_ete_vu(numreleve,numespece,nbOiseau,estimationoiseau) VALUES (140,15,11,NULL);
INSERT INTO a_ete_vu(numreleve,numespece,nbOiseau,estimationoiseau) VALUES (140,16,7,NULL);
INSERT INTO a_ete_vu(numreleve,numespece,nbOiseau,estimationoiseau) VALUES (140,18,8,NULL);
INSERT INTO a_ete_vu(numreleve,numespece,nbOiseau,estimationoiseau) VALUES (140,20,20,NULL);
INSERT INTO a_ete_vu(numreleve,numespece,nbOiseau,estimationoiseau) VALUES (141,1,10,NULL);
INSERT INTO a_ete_vu(numreleve,numespece,nbOiseau,estimationoiseau) VALUES (141,2,6,NULL);
INSERT INTO a_ete_vu(numreleve,numespece,nbOiseau,estimationoiseau) VALUES (141,4,8,NULL);
INSERT INTO a_ete_vu(numreleve,numespece,nbOiseau,estimationoiseau) VALUES (141,7,7,NULL);
INSERT INTO a_ete_vu(numreleve,numespece,nbOiseau,estimationoiseau) VALUES (141,8,8,NULL);
INSERT INTO a_ete_vu(numreleve,numespece,nbOiseau,estimationoiseau) VALUES (141,9,6,NULL);
INSERT INTO a_ete_vu(numreleve,numespece,nbOiseau,estimationoiseau) VALUES (141,10,10,NULL);
INSERT INTO a_ete_vu(numreleve,numespece,nbOiseau,estimationoiseau) VALUES (141,11,10,NULL);
INSERT INTO a_ete_vu(numreleve,numespece,nbOiseau,estimationoiseau) VALUES (141,12,10,NULL);
INSERT INTO a_ete_vu(numreleve,numespece,nbOiseau,estimationoiseau) VALUES (141,13,7,NULL);
INSERT INTO a_ete_vu(numreleve,numespece,nbOiseau,estimationoiseau) VALUES (141,14,11,NULL);
INSERT INTO a_ete_vu(numreleve,numespece,nbOiseau,estimationoiseau) VALUES (141,16,14,NULL);
INSERT INTO a_ete_vu(numreleve,numespece,nbOiseau,estimationoiseau) VALUES (141,17,27,NULL);
INSERT INTO a_ete_vu(numreleve,numespece,nbOiseau,estimationoiseau) VALUES (141,18,11,NULL);
INSERT INTO a_ete_vu(numreleve,numespece,nbOiseau,estimationoiseau) VALUES (141,19,16,NULL);
INSERT INTO a_ete_vu(numreleve,numespece,nbOiseau,estimationoiseau) VALUES (141,20,17,NULL);
INSERT INTO a_ete_vu(numreleve,numespece,nbOiseau,estimationoiseau) VALUES (142,1,14,NULL);
INSERT INTO a_ete_vu(numreleve,numespece,nbOiseau,estimationoiseau) VALUES (142,2,2,NULL);
INSERT INTO a_ete_vu(numreleve,numespece,nbOiseau,estimationoiseau) VALUES (142,3,5,NULL);
INSERT INTO a_ete_vu(numreleve,numespece,nbOiseau,estimationoiseau) VALUES (142,4,12,NULL);
INSERT INTO a_ete_vu(numreleve,numespece,nbOiseau,estimationoiseau) VALUES (142,5,12,NULL);
INSERT INTO a_ete_vu(numreleve,numespece,nbOiseau,estimationoiseau) VALUES (142,6,12,NULL);
INSERT INTO a_ete_vu(numreleve,numespece,nbOiseau,estimationoiseau) VALUES (142,7,7,NULL);
INSERT INTO a_ete_vu(numreleve,numespece,nbOiseau,estimationoiseau) VALUES (142,9,27,NULL);
INSERT INTO a_ete_vu(numreleve,numespece,nbOiseau,estimationoiseau) VALUES (142,10,15,NULL);
INSERT INTO a_ete_vu(numreleve,numespece,nbOiseau,estimationoiseau) VALUES (142,11,8,NULL);
INSERT INTO a_ete_vu(numreleve,numespece,nbOiseau,estimationoiseau) VALUES (142,12,13,NULL);
INSERT INTO a_ete_vu(numreleve,numespece,nbOiseau,estimationoiseau) VALUES (142,13,14,NULL);
INSERT INTO a_ete_vu(numreleve,numespece,nbOiseau,estimationoiseau) VALUES (142,14,21,NULL);
INSERT INTO a_ete_vu(numreleve,numespece,nbOiseau,estimationoiseau) VALUES (142,15,15,NULL);
INSERT INTO a_ete_vu(numreleve,numespece,nbOiseau,estimationoiseau) VALUES (142,16,4,NULL);
INSERT INTO a_ete_vu(numreleve,numespece,nbOiseau,estimationoiseau) VALUES (142,18,9,NULL);
INSERT INTO a_ete_vu(numreleve,numespece,nbOiseau,estimationoiseau) VALUES (142,20,13,NULL);
INSERT INTO a_ete_vu(numreleve,numespece,nbOiseau,estimationoiseau) VALUES (143,1,11,NULL);
INSERT INTO a_ete_vu(numreleve,numespece,nbOiseau,estimationoiseau) VALUES (143,2,25,NULL);
INSERT INTO a_ete_vu(numreleve,numespece,nbOiseau,estimationoiseau) VALUES (143,3,25,NULL);
INSERT INTO a_ete_vu(numreleve,numespece,nbOiseau,estimationoiseau) VALUES (143,4,9,NULL);
INSERT INTO a_ete_vu(numreleve,numespece,nbOiseau,estimationoiseau) VALUES (143,5,21,NULL);
INSERT INTO a_ete_vu(numreleve,numespece,nbOiseau,estimationoiseau) VALUES (143,6,15,NULL);
INSERT INTO a_ete_vu(numreleve,numespece,nbOiseau,estimationoiseau) VALUES (143,7,11,NULL);
INSERT INTO a_ete_vu(numreleve,numespece,nbOiseau,estimationoiseau) VALUES (143,9,4,NULL);
INSERT INTO a_ete_vu(numreleve,numespece,nbOiseau,estimationoiseau) VALUES (143,10,20,NULL);
INSERT INTO a_ete_vu(numreleve,numespece,nbOiseau,estimationoiseau) VALUES (143,12,9,NULL);
INSERT INTO a_ete_vu(numreleve,numespece,nbOiseau,estimationoiseau) VALUES (143,14,10,NULL);
INSERT INTO a_ete_vu(numreleve,numespece,nbOiseau,estimationoiseau) VALUES (143,15,24,NULL);
INSERT INTO a_ete_vu(numreleve,numespece,nbOiseau,estimationoiseau) VALUES (143,16,16,NULL);
INSERT INTO a_ete_vu(numreleve,numespece,nbOiseau,estimationoiseau) VALUES (143,17,15,NULL);
INSERT INTO a_ete_vu(numreleve,numespece,nbOiseau,estimationoiseau) VALUES (143,18,17,NULL);
INSERT INTO a_ete_vu(numreleve,numespece,nbOiseau,estimationoiseau) VALUES (143,19,13,NULL);
INSERT INTO a_ete_vu(numreleve,numespece,nbOiseau,estimationoiseau) VALUES (144,1,12,NULL);
INSERT INTO a_ete_vu(numreleve,numespece,nbOiseau,estimationoiseau) VALUES (144,3,7,NULL);
INSERT INTO a_ete_vu(numreleve,numespece,nbOiseau,estimationoiseau) VALUES (144,4,9,NULL);
INSERT INTO a_ete_vu(numreleve,numespece,nbOiseau,estimationoiseau) VALUES (144,5,11,NULL);
INSERT INTO a_ete_vu(numreleve,numespece,nbOiseau,estimationoiseau) VALUES (144,8,11,NULL);
INSERT INTO a_ete_vu(numreleve,numespece,nbOiseau,estimationoiseau) VALUES (144,9,11,NULL);
INSERT INTO a_ete_vu(numreleve,numespece,nbOiseau,estimationoiseau) VALUES (144,10,12,NULL);
INSERT INTO a_ete_vu(numreleve,numespece,nbOiseau,estimationoiseau) VALUES (144,11,5,NULL);
INSERT INTO a_ete_vu(numreleve,numespece,nbOiseau,estimationoiseau) VALUES (144,12,17,NULL);
INSERT INTO a_ete_vu(numreleve,numespece,nbOiseau,estimationoiseau) VALUES (144,13,16,NULL);
INSERT INTO a_ete_vu(numreleve,numespece,nbOiseau,estimationoiseau) VALUES (144,14,17,NULL);
INSERT INTO a_ete_vu(numreleve,numespece,nbOiseau,estimationoiseau) VALUES (144,15,13,NULL);
INSERT INTO a_ete_vu(numreleve,numespece,nbOiseau,estimationoiseau) VALUES (144,16,10,NULL);
INSERT INTO a_ete_vu(numreleve,numespece,nbOiseau,estimationoiseau) VALUES (144,17,15,NULL);
INSERT INTO a_ete_vu(numreleve,numespece,nbOiseau,estimationoiseau) VALUES (144,20,11,NULL);
INSERT INTO a_ete_vu(numreleve,numespece,nbOiseau,estimationoiseau) VALUES (145,1,10,NULL);
INSERT INTO a_ete_vu(numreleve,numespece,nbOiseau,estimationoiseau) VALUES (145,2,18,NULL);
INSERT INTO a_ete_vu(numreleve,numespece,nbOiseau,estimationoiseau) VALUES (145,3,11,NULL);
INSERT INTO a_ete_vu(numreleve,numespece,nbOiseau,estimationoiseau) VALUES (145,4,10,NULL);
INSERT INTO a_ete_vu(numreleve,numespece,nbOiseau,estimationoiseau) VALUES (145,5,14,NULL);
INSERT INTO a_ete_vu(numreleve,numespece,nbOiseau,estimationoiseau) VALUES (145,7,6,NULL);
INSERT INTO a_ete_vu(numreleve,numespece,nbOiseau,estimationoiseau) VALUES (145,8,14,NULL);
INSERT INTO a_ete_vu(numreleve,numespece,nbOiseau,estimationoiseau) VALUES (145,10,21,NULL);
INSERT INTO a_ete_vu(numreleve,numespece,nbOiseau,estimationoiseau) VALUES (145,11,17,NULL);
INSERT INTO a_ete_vu(numreleve,numespece,nbOiseau,estimationoiseau) VALUES (145,12,16,NULL);
INSERT INTO a_ete_vu(numreleve,numespece,nbOiseau,estimationoiseau) VALUES (145,13,9,NULL);
INSERT INTO a_ete_vu(numreleve,numespece,nbOiseau,estimationoiseau) VALUES (145,14,11,NULL);
INSERT INTO a_ete_vu(numreleve,numespece,nbOiseau,estimationoiseau) VALUES (145,15,16,NULL);
INSERT INTO a_ete_vu(numreleve,numespece,nbOiseau,estimationoiseau) VALUES (145,16,17,NULL);
INSERT INTO a_ete_vu(numreleve,numespece,nbOiseau,estimationoiseau) VALUES (145,17,9,NULL);
INSERT INTO a_ete_vu(numreleve,numespece,nbOiseau,estimationoiseau) VALUES (145,18,11,NULL);
INSERT INTO a_ete_vu(numreleve,numespece,nbOiseau,estimationoiseau) VALUES (145,19,8,NULL);
INSERT INTO a_ete_vu(numreleve,numespece,nbOiseau,estimationoiseau) VALUES (145,20,8,NULL);
INSERT INTO a_ete_vu(numreleve,numespece,nbOiseau,estimationoiseau) VALUES (146,2,11,NULL);
INSERT INTO a_ete_vu(numreleve,numespece,nbOiseau,estimationoiseau) VALUES (146,5,15,NULL);
INSERT INTO a_ete_vu(numreleve,numespece,nbOiseau,estimationoiseau) VALUES (146,6,17,NULL);
INSERT INTO a_ete_vu(numreleve,numespece,nbOiseau,estimationoiseau) VALUES (146,7,26,NULL);
INSERT INTO a_ete_vu(numreleve,numespece,nbOiseau,estimationoiseau) VALUES (146,8,4,NULL);
INSERT INTO a_ete_vu(numreleve,numespece,nbOiseau,estimationoiseau) VALUES (146,9,27,NULL);
INSERT INTO a_ete_vu(numreleve,numespece,nbOiseau,estimationoiseau) VALUES (146,12,34,NULL);
INSERT INTO a_ete_vu(numreleve,numespece,nbOiseau,estimationoiseau) VALUES (146,13,18,NULL);
INSERT INTO a_ete_vu(numreleve,numespece,nbOiseau,estimationoiseau) VALUES (146,15,17,NULL);
INSERT INTO a_ete_vu(numreleve,numespece,nbOiseau,estimationoiseau) VALUES (146,16,13,NULL);
INSERT INTO a_ete_vu(numreleve,numespece,nbOiseau,estimationoiseau) VALUES (146,17,19,NULL);
INSERT INTO a_ete_vu(numreleve,numespece,nbOiseau,estimationoiseau) VALUES (146,18,23,NULL);
INSERT INTO a_ete_vu(numreleve,numespece,nbOiseau,estimationoiseau) VALUES (146,20,10,NULL);
INSERT INTO a_ete_vu(numreleve,numespece,nbOiseau,estimationoiseau) VALUES (147,1,11,NULL);
INSERT INTO a_ete_vu(numreleve,numespece,nbOiseau,estimationoiseau) VALUES (147,2,8,NULL);
INSERT INTO a_ete_vu(numreleve,numespece,nbOiseau,estimationoiseau) VALUES (147,4,11,NULL);
INSERT INTO a_ete_vu(numreleve,numespece,nbOiseau,estimationoiseau) VALUES (147,5,19,NULL);
INSERT INTO a_ete_vu(numreleve,numespece,nbOiseau,estimationoiseau) VALUES (147,7,8,NULL);
INSERT INTO a_ete_vu(numreleve,numespece,nbOiseau,estimationoiseau) VALUES (147,8,13,NULL);
INSERT INTO a_ete_vu(numreleve,numespece,nbOiseau,estimationoiseau) VALUES (147,9,18,NULL);
INSERT INTO a_ete_vu(numreleve,numespece,nbOiseau,estimationoiseau) VALUES (147,11,14,NULL);
INSERT INTO a_ete_vu(numreleve,numespece,nbOiseau,estimationoiseau) VALUES (147,12,12,NULL);
INSERT INTO a_ete_vu(numreleve,numespece,nbOiseau,estimationoiseau) VALUES (147,15,15,NULL);
INSERT INTO a_ete_vu(numreleve,numespece,nbOiseau,estimationoiseau) VALUES (147,18,24,NULL);
INSERT INTO a_ete_vu(numreleve,numespece,nbOiseau,estimationoiseau) VALUES (147,19,10,NULL);
INSERT INTO a_ete_vu(numreleve,numespece,nbOiseau,estimationoiseau) VALUES (147,20,4,NULL);
INSERT INTO a_ete_vu(numreleve,numespece,nbOiseau,estimationoiseau) VALUES (148,1,11,NULL);
INSERT INTO a_ete_vu(numreleve,numespece,nbOiseau,estimationoiseau) VALUES (148,4,15,NULL);
INSERT INTO a_ete_vu(numreleve,numespece,nbOiseau,estimationoiseau) VALUES (148,6,6,NULL);
INSERT INTO a_ete_vu(numreleve,numespece,nbOiseau,estimationoiseau) VALUES (148,8,6,NULL);
INSERT INTO a_ete_vu(numreleve,numespece,nbOiseau,estimationoiseau) VALUES (148,9,5,NULL);
INSERT INTO a_ete_vu(numreleve,numespece,nbOiseau,estimationoiseau) VALUES (148,10,16,NULL);
INSERT INTO a_ete_vu(numreleve,numespece,nbOiseau,estimationoiseau) VALUES (148,11,13,NULL);
INSERT INTO a_ete_vu(numreleve,numespece,nbOiseau,estimationoiseau) VALUES (148,13,15,NULL);
INSERT INTO a_ete_vu(numreleve,numespece,nbOiseau,estimationoiseau) VALUES (148,14,12,NULL);
INSERT INTO a_ete_vu(numreleve,numespece,nbOiseau,estimationoiseau) VALUES (148,15,16,NULL);
INSERT INTO a_ete_vu(numreleve,numespece,nbOiseau,estimationoiseau) VALUES (148,16,14,NULL);
INSERT INTO a_ete_vu(numreleve,numespece,nbOiseau,estimationoiseau) VALUES (148,18,15,NULL);
INSERT INTO a_ete_vu(numreleve,numespece,nbOiseau,estimationoiseau) VALUES (148,19,5,NULL);
INSERT INTO a_ete_vu(numreleve,numespece,nbOiseau,estimationoiseau) VALUES (148,20,9,NULL);
INSERT INTO a_ete_vu(numreleve,numespece,nbOiseau,estimationoiseau) VALUES (149,1,13,NULL);
INSERT INTO a_ete_vu(numreleve,numespece,nbOiseau,estimationoiseau) VALUES (149,2,14,NULL);
INSERT INTO a_ete_vu(numreleve,numespece,nbOiseau,estimationoiseau) VALUES (149,4,17,NULL);
INSERT INTO a_ete_vu(numreleve,numespece,nbOiseau,estimationoiseau) VALUES (149,5,23,NULL);
INSERT INTO a_ete_vu(numreleve,numespece,nbOiseau,estimationoiseau) VALUES (149,6,12,NULL);
INSERT INTO a_ete_vu(numreleve,numespece,nbOiseau,estimationoiseau) VALUES (149,7,9,NULL);
INSERT INTO a_ete_vu(numreleve,numespece,nbOiseau,estimationoiseau) VALUES (149,8,7,NULL);
INSERT INTO a_ete_vu(numreleve,numespece,nbOiseau,estimationoiseau) VALUES (149,9,9,NULL);
INSERT INTO a_ete_vu(numreleve,numespece,nbOiseau,estimationoiseau) VALUES (149,12,10,NULL);
INSERT INTO a_ete_vu(numreleve,numespece,nbOiseau,estimationoiseau) VALUES (149,13,12,NULL);
INSERT INTO a_ete_vu(numreleve,numespece,nbOiseau,estimationoiseau) VALUES (149,15,10,NULL);
INSERT INTO a_ete_vu(numreleve,numespece,nbOiseau,estimationoiseau) VALUES (149,16,9,NULL);
INSERT INTO a_ete_vu(numreleve,numespece,nbOiseau,estimationoiseau) VALUES (149,17,14,NULL);
INSERT INTO a_ete_vu(numreleve,numespece,nbOiseau,estimationoiseau) VALUES (149,18,2,NULL);
INSERT INTO a_ete_vu(numreleve,numespece,nbOiseau,estimationoiseau) VALUES (150,1,13,NULL);
INSERT INTO a_ete_vu(numreleve,numespece,nbOiseau,estimationoiseau) VALUES (150,2,6,NULL);
INSERT INTO a_ete_vu(numreleve,numespece,nbOiseau,estimationoiseau) VALUES (150,4,13,NULL);
INSERT INTO a_ete_vu(numreleve,numespece,nbOiseau,estimationoiseau) VALUES (150,5,7,NULL);
INSERT INTO a_ete_vu(numreleve,numespece,nbOiseau,estimationoiseau) VALUES (150,6,15,NULL);
INSERT INTO a_ete_vu(numreleve,numespece,nbOiseau,estimationoiseau) VALUES (150,8,14,NULL);
INSERT INTO a_ete_vu(numreleve,numespece,nbOiseau,estimationoiseau) VALUES (150,9,10,NULL);
INSERT INTO a_ete_vu(numreleve,numespece,nbOiseau,estimationoiseau) VALUES (150,11,6,NULL);
INSERT INTO a_ete_vu(numreleve,numespece,nbOiseau,estimationoiseau) VALUES (150,12,9,NULL);
INSERT INTO a_ete_vu(numreleve,numespece,nbOiseau,estimationoiseau) VALUES (150,13,14,NULL);
INSERT INTO a_ete_vu(numreleve,numespece,nbOiseau,estimationoiseau) VALUES (150,14,16,NULL);
INSERT INTO a_ete_vu(numreleve,numespece,nbOiseau,estimationoiseau) VALUES (150,15,12,NULL);
INSERT INTO a_ete_vu(numreleve,numespece,nbOiseau,estimationoiseau) VALUES (150,16,9,NULL);
INSERT INTO a_ete_vu(numreleve,numespece,nbOiseau,estimationoiseau) VALUES (150,17,11,NULL);
INSERT INTO a_ete_vu(numreleve,numespece,nbOiseau,estimationoiseau) VALUES (150,19,15,NULL);
INSERT INTO a_ete_vu(numreleve,numespece,nbOiseau,estimationoiseau) VALUES (150,20,18,NULL);


insert into mange(numespece,numaliment)
select numespece,numaliment 
from espece 
cross join aliment
order by 1,2;

DELETE FROM mange
WHERE (numespece, numaliment) IN
(SELECT numespece,numaliment FROM mange
ORDER BY RANDOM()
LIMIT (320*0.2));
